A_AF_01_sila;pomik;;A_AF_02_sila;pomik;;A_AF_03_sila;pomik
-0,091097;0;;-0,00043;0;;0,000691;0
-0,09509;0;;-0,000737;0;;-0,002334;0
-0,104028;0;;-0,002334;0;;0,003732;0
-0,103997;0;;-0,003486;0;;-0,000184;0
-0,109833;0;;-0,010473;0;;0,003363;0
-0,110155;0;;-0,0045;0;;-0,000676;0
-0,120075;0;;-0,009552;0;;0,002104;0
-0,117204;0;;-0,005774;0;;0,002703;0
-0,123055;0;;-0,011088;0;;-0,004546;0
-0,122563;0;;-0,006051;0;;-0,000307;0
-0,125466;0;;-0,011118;0;;-0,006511;0
-0,12499;0;;-0,005897;0;;0,001182;0
-0,129489;0;;-0,005452;0;;-0,00496;0
-0,128921;0;;-0,006081;0;;0,002764;0
-0,130472;0;;-0,008078;0;;-0,00582;0
-0,135324;0;;-0,006711;0;;-0,000123;0
-0,132807;0;;-0,008938;0;;-0,004146;0
-0,138671;0;;-0,005943;0;;0,000154;0
-0,135571;0;;-0,008692;0;;-0,005083;0
-0,138273;0;;-0,006081;0;;-0,007279;0
-0,138688;0;;-0,007018;0;;-0,002964;0
-0,145963;0;;-0,005482;0;;0,000614;0
-0,140224;0;;-0,00751;0;;-0,002411;0
-0,146303;0;;-0,012777;0;;-0,00086;0
-0,143464;0;;-0,007725;0;;-0,004991;0
-0,151427;0;;-0,007033;0;;-0,001781;0
-0,146259;0;;-0,007126;0;;-0,004223;0
-0,14979;0;;-0,005728;0;;-0,001428;0
-0,150818;0;;-0,007248;0;;-0,002703;0
-0,15401;0;;-0,012009;0;;-0,002718;0
-0,151155;0;;-0,006281;0;;-0,002027;0
-0,154717;0;;-0,011195;0;;-0,000676;0
-0,159423;0;;-0,004653;0;;-0,00238;0
-0,15421;0;;-0,007878;0;;-0,009444;0
-0,151432;0;;-0,00086;0;;-0,00063;0
-0,149912;0;;-0,00387;0;;-0,008907;0
-0,153334;0;;0,003547;0;;-0,001889;0
-0,149129;0;;0;0;;-0,003839;0
-0,152426;0;;0,006634;0;;-0,009537;0
-0,148132;0;;0,005682;0;;-0,004592;0
-0,147563;0;;0,011502;0;;-0,002365;0
-0,147793;0;;0,009736;0;;-0,005605;0
-0,148346;0;;0,015987;0;;-0,000937;0
-0,152686;0;;0,016463;0;;-0,002426;0
-0,146704;0;;0,021285;0;;0,000215;0
-0,145153;0;;0,020164;0;;-0,000138;0
-0,145613;0;;0,026184;0;;-0,00301;0
-0,149417;0;;0,02497;0;;-0,000906;0
-0,143464;0;;0,022237;0;;-0,005098;0
-0,137935;0;;0,030238;0;;0,00109;0
-0,13835;0;;0,033801;0;;-0,004131;0
-0,139409;0;;0,034661;0;;0,00192;0
-0,13316;0;;0,031098;0;;0,001781;0
-0,138731;0;;0,036273;0;;0,005406;0
-0,132699;0;;0,039406;0;;-0,001843;0
-0,135905;0;;0,0383;0;;0,005068;0
-0,125942;0;;0,035505;0;;0,0002;0
-0,132482;0;;0,040619;0;;0,004883;0
-0,123623;0;;0,034661;0;;0;0
-0,128873;0;;0,043168;0;;0,005375;0
-0,118724;0;;0,0428;0;;0,001106;0
-0,119077;0;;0,047038;0;;0,001351;0
-0,116282;0;;0,042477;0;;0,004331;0
-0,117173;0;;0,050094;0;;0,001428;0
-0,111506;0;;0,047622;0;;0,007064;0
-0,114317;0;;0,050232;0;;0,010827;0
-0,109357;0;;0,050432;0;;0,008861;0
-0,111936;0;;0,052659;0;;0,009015;0
-0,106055;0;;0,049818;0;;0,013345;0
-0,104012;0;;0,053089;0;;0,01204;0
-0,101463;0;;0,050386;0;;0,014036;0
-0,102216;0;;0,054179;0;;0,00903;0
-0,099298;0;;0,053765;0;;0,01399;0
-0,091665;0;;0,055699;0;;0,008093;0
-0,088763;0;;0,055515;0;;0,014681;0
-0,082282;0;;0,051799;0;;0,013622;0
-0,080654;0;;0,060875;0;;0,016294;0
-0,073314;0;;0,061412;0;;0,016785;0
-0,069582;0;;0,060952;0;;0,020594;0
-0,06519;0;;0,060399;0;;0,020286;0
-0,064914;0;;0,067432;0;;0,017415;0
-0,057681;0;;0,07101;0;;0,022959;0
-0,055669;0;;0,070734;0;;0,026168;0
-0,050386;0;;0,066265;0;;0,025139;0
-0,048758;0;;0,075909;0;;0,023527;0
-0,043951;0;;0,071563;0;;0,030084;0
-0,038638;0;;0,078243;0;;0,028088;0
-0,04389;0;;0,07015;0;;0,032372;0
-0,034123;0;;0,075433;0;;0,028978;0
-0,030069;0;;0,06929;0;;0,035951;0
-0,028518;0;;0,072945;0;;0,0301;0
-0,031512;0;;0,072024;0;;0,038807;0
-0,022774;0;;0,071471;0;;0,034768;0
-0,018935;0;;0,063117;0;;0,043521;0
-0,014236;0;;0,065436;0;;0,039237;0
-0,012623;0;;0,06476;0;;0,048727;0
-0,007126;0;;0,065344;0;;0,045856;0
0;0;;0,055884;0;;0,050002;0
0,006895;0;;0,063578;0;;0,05441;0
0,005114;0;;0,055039;0;;0,059385;0
0,015434;0;;0,060998;0;;0,061059;0
0,01915;0;;0,056099;0;;0,065267;0
0,025185;0;;0,05917;0;;0,068676;0
0,026399;0;;0,056268;0;;0,065159;0
0,036534;0;;0,059554;0;;0,073329;0
0,041049;0;;0,055531;0;;0,078397;0
0,041755;0;;0,059677;0;;0,079211;0,01
0,053288;0;;0,054671;0;;0,078428;0,01
0,062979;0;;0,057542;0;;0,081653;0,015
0,066311;0;;0,052444;0;;0,080286;0,015
0,075233;0;;0,047007;0;;0,086797;0,015
0,079794;0;;0,052398;0;;0,084018;0,02
0,077829;0;;0,047867;0;;0,092418;0,02
0,089561;0;;0,050616;0;;0,089485;0,025
0,092418;0;;0,050202;0;;0,096948;0,025
0,097946;0;;0,051123;0;;0,095674;0,03
0,095428;0;;0,052551;0;;0,095412;0,03
0,106469;0;;0,053166;0;;0,103413;0,035
0,105333;0;;0,054962;0;;0,104304;0,035
0,1151;0;;0,055807;0;;0,110201;0,04
0,112443;0;;0,051553;0;;0,115192;0,045
0,117849;0;;0,05745;0;;0,115607;0,045
0,109372;0;;0,053995;0;;0,11619;0,05
0,117542;0;;0,060353;0;;0,122026;0,05
0,115929;0;;0,060829;0;;0,117357;0,05
0,111844;0;;0,061996;0;;0,127109;0,055
0,118002;0;;0,057281;0;;0,123301;0,055
0,1192;0;;0,064484;0;;0,130564;0,06
0,118816;0;;0,059999;0;;0,12671;0,06
0,113948;0;;0,068323;0;;0,135909;0,065
0,118909;0;;0,067448;0;;0,135433;0,065
0,122517;0;;0,072331;0;;0,140976;0,07
0,122072;0;;0,072669;0;;0,138826;0,07
0,123899;0;;0,077829;0;;0,146029;0,075
0,121949;0;;0,078197;0;;0,144923;0,09
0,121396;0;;0,081822;0;;0,147564;0,1
0,12585;0;;0,082405;0;;0,149622;0,105
0,127723;0;;0,085277;0;;0,14973;0,11
0,127478;0;;0,088978;0;;0,153078;0,115
0,133129;0;;0,090007;0;;0,155658;0,125
0,131624;0;;0,093232;0;;0,15575;0,13
0,129674;0;;0,089807;0;;0,149054;0,145
0,132392;0;;0,095182;0;;0,15747;0,155
0,1278;0;;0,10045;0;;0,154275;0,165
0,130165;0;;0,103244;0;;0,164918;0,17
0,124084;0;;0,108681;0;;0,160372;0,175
0,127984;0;;0,111737;0;;0,173548;0,18
0,126387;0;;0,109863;0;;0,178002;0,185
0,127094;0;;0,120429;0;;0,180659;0,19
0,123224;0;;0,121151;0;;0,182225;0,195
0,133528;0;;0,126817;0;;0,18436;0,2
0,131348;0;;0,129167;0;;0,19276;0,205
0,137951;0;;0,132284;0;;0,19706;0,21
0,149745;0;;0,131824;0;;0,200239;0,215
0,162845;0;;0,136047;0;;0,206689;0,22
0,16693;0,005;;0,136477;0;;0,20867;0,225
0,181903;0,01;;0,14199;0;;0,208839;0,23
0,188137;0,01;;0,143679;0;;0,215135;0,235
0,200638;0,015;;0,148578;0;;0,21644;0,24
0,205568;0,02;;0,150728;0;;0,222675;0,245
0,218636;0,03;;0,149177;0;;0,224564;0,25
0,223965;0,04;;0,161232;0;;0,234423;0,255
0,225885;0,045;;0,170262;0;;0,234746;0,265
0,23215;0,05;;0,176958;0;;0,236036;0,27
0,240443;0,055;;0,180981;0;;0,246018;0,275
0,239721;0,06;;0,195693;0;;0,252068;0,28
0,246064;0,065;;0,205859;0;;0,251055;0,285
0,24783;0,07;;0,215365;0;;0,252206;0,29
0,252698;0,08;;0,215442;0;;0,259885;0,295
0,252851;0,085;;0,230046;0;;0,258656;0,295
0,254617;0,095;;0,237986;0;;0,263217;0,3
0,256384;0,1;;0,244804;0;;0,263356;0,305
0,251208;0,105;;0,249458;0;;0,270942;0,315
0,258288;0,115;;0,260192;0;;0,269852;0,32
0,26076;0,125;;0,267072;0;;0,279757;0,325
0,269345;0,13;;0,27409;0;;0,27816;0,33
0,266442;0,14;;0,275104;0;;0,28828;0,335
0,274704;0,15;;0,290199;0;;0,29281;0,34
0,276255;0,16;;0,290645;0;;0,30032;0,345
0,286314;0,17;;0,298292;0;;0,301195;0,35
0,285946;0,18;;0,299598;0;;0,298385;0,355
0,299613;0,19;;0,29688;0;;0,304051;0,355
0,298784;0,195;;0,306125;0;;0,298891;0,36
0,311008;0,205;;0,312144;0;;0,308904;0,365
0,312482;0,215;;0,313004;0;;0,304389;0,365
0,321804;0,22;;0,319378;0;;0,310839;0,37
0,328376;0,23;;0,320391;0;;0,310409;0,375
0,336696;0,24;;0,326764;0;;0,321067;0,38
0,343031;0,255;;0,328976;0,005;;0,319192;0,39
0,344664;0,265;;0,330173;0,015;;0,330463;0,395
0,359383;0,275;;0,334397;0,02;;0,330228;0,4
0,365635;0,28;;0,329958;0,025;;0,338212;0,41
0,374138;0,29;;0,341768;0,035;;0,341352;0,415
0,381046;0,3;;0,343703;0,04;;0,350997;0,42
0,385443;0,31;;0,351596;0,045;;0,349812;0,43
0,38892;0,315;;0,348079;0,05;;0,361675;0,435
0,398341;0,325;;0,360916;0,06;;0,365719;0,445
0,398188;0,335;;0,362188;0,065;;0,37344;0,45
0,412756;0,345;;0,370381;0,07;;0,374129;0,46
0,413063;0,355;;0,369258;0,075;;0,381467;0,465
0,42786;0,365;;0,380714;0,08;;0,387717;0,475
0,427294;0,375;;0,380785;0,09;;0,39363;0,48
0,441755;0,385;;0,390181;0,095;;0,394488;0,49
0,445063;0,395;;0,389827;0,1;;0,401396;0,495
0,45597;0,405;;0,401149;0,11;;0,407172;0,5
0,460489;0,415;;0,404259;0,115;;0,407968;0,505
0,471871;0,425;;0,410815;0,125;;0,414846;0,515
0,475027;0,435;;0,412868;0,13;;0,4167;0,52
0,479607;0,445;;0,419455;0,14;;0,424727;0,53
0,492046;0,46;;0,42327;0,145;;0,424712;0,535
0,50041;0,47;;0,427084;0,15;;0,436921;0,545
0,505741;0,48;;0,433548;0,16;;0,43326;0,55
0,510766;0,49;;0,440365;0,165;;0,440567;0,555
0,52371;0,505;;0,442587;0,17;;0,44602;0,56
0,527325;0,52;;0,446462;0,175;;0,455211;0,57
0,544773;0,53;;0,449051;0,18;;0,456483;0,575
0,556737;0,545;;0,452988;0,18;;0,464923;0,58
0,564902;0,56;;0,452988;0,185;;0,470377;0,59
0,571612;0,58;;0,451579;0,195;;0,475738;0,595
0,589274;0,595;;0,46293;0,2;;0,479982;0,605
0,599584;0,61;;0,465182;0,205;;0,486094;0,61
0,611823;0,625;;0,471784;0,21;;0,492405;0,62
0,614382;0,64;;0,476701;0,215;;0,488729;0,625
0,632565;0,655;;0,482186;0,225;;0,498579;0,635
0,637972;0,67;;0,482369;0,23;;0,503756;0,64
0,656661;0,685;;0,493123;0,24;;0,508;0,645
0,664903;0,705;;0,490948;0,245;;0,507142;0,655
0,67872;0,72;;0,503463;0,255;;0,520592;0,66
0,685415;0,735;;0,5038;0,265;;0,517834;0,665
0,699692;0,745;;0,516515;0,27;;0,526367;0,67
0,707198;0,765;;0,516408;0,28;;0,528971;0,68
0,713999;0,78;;0,528755;0,29;;0,53516;0,685
0,730452;0,795;;0,534637;0,305;;0,533781;0,69
0,738846;0,81;;0,548117;0,32;;0,542681;0,695
0,753736;0,825;;0,557171;0,335;;0,543095;0,7
0,76783;0,84;;0,568415;0,35;;0,544397;0,705
0,777802;0,855;;0,574956;0,365;;0,555718;0,715
0,781417;0,87;;0,589325;0,385;;0,553711;0,72
0,799356;0,885;;0,598991;0,4;;0,566732;0,73
0,801852;0,895;;0,611185;0,415;;0,568846;0,735
0,81325;0,9;;0,620606;0,43;;0,575831;0,745
0,815471;0,91;;0,632999;0,445;;0,578573;0,755
0,82454;0,915;;0,642052;0,46;;0,591334;0,765
0,826347;0,925;;0,646295;0,475;;0,594796;0,77
0,836136;0,935;;0,661997;0,49;;0,603037;0,78
0,839705;0,94;;0,674267;0,505;;0,604079;0,79
0,840624;0,95;;0,682616;0,515;;0,616748;0,8
0,850934;0,955;;0,692742;0,53;;0,61854;0,81
0,85726;0,965;;0,698379;0,54;;0,631254;0,82
0,862898;0,975;;0,705594;0,555;;0,638454;0,835
0,869592;0,985;;0,716287;0,565;;0,643724;0,85
0,879273;0,995;;0,717788;0,575;;0,657832;0,865
0,882735;1,01;;0,727577;0,58;;0,671298;0,875
0,893474;1,015;;0,733306;0,59;;0,678436;0,89
0,896752;1,025;;0,739786;0,6;;0,692575;0,905
0,90484;1,03;;0,744642;0,61;;0,702471;0,92
0,905622;1,04;;0,752087;0,615;;0,713194;0,935
0,916222;1,05;;0,756299;0,62;;0,721589;0,95
0,917371;1,055;;0,759072;0,625;;0,732527;0,965
0,912638;1,055;;0,762657;0,635;;0,741994;0,975
0,897687;1,055;;0,76929;0,64;;0,743464;0,99
0,894347;1,055;;0,771955;0,65;;0,761785;1,005
0,886504;1,055;;0,782295;0,66;;0,770915;1,02
0,883808;1,055;;0,790338;0,67;;0,783691;1,035
0,878829;1,055;;0,797231;0,68;;0,790248;1,055
0,878293;1,055;;0,802072;0,69;;0,808891;1,07
0,878691;1,055;;0,808552;0,7;;0,817515;1,09
0,882598;1,055;;0,819443;0,715;;0,835438;1,115
0,887622;1,055;;0,824039;0,725;;0,84947;1,135
0,8964;1,06;;0,832311;0,735;;0,859075;1,16
0,914261;1,065;;0,837443;0,745;;0,880445;1,18
0,919669;1,075;;0,849514;0,76;;0,889774;1,205
0,942938;1,095;;0,853129;0,775;;0,913288;1,23
0,956265;1,12;;0,869827;0,79;;0,934121;1,26
0,975613;1,14;;0,872706;0,8;;0,949624;1,29
0,991483;1,165;;0,886432;0,81;;0,971729;1,315
1,012853;1,185;;0,889572;0,82;;0,986435;1,34
1,031358;1,215;;0,90221;0,83;;1,006809;1,37
1,051012;1,245;;0,909824;0,845;;1,027275;1,395
1,072091;1,275;;0,916763;0,855;;1,04532;1,415
1,09418;1,305;;0,921742;0,865;;1,060608;1,44
1,115106;1,335;;0,934502;0,875;;1,081932;1,465
1,127698;1,36;;0,941595;0,89;;1,09627;1,49
1,156175;1,39;;0,95169;0,9;;1,113902;1,51
1,176289;1,42;;0,95771;0,915;;1,128716;1,53
1,199604;1,45;;0,966687;0,925;;1,146256;1,55
1,219794;1,48;;0,972952;0,935;;1,158725;1,575
1,250432;1,52;;0,985238;0,95;;1,168774;1,595
1,272491;1,56;;0,994276;0,965;;1,190082;1,615
1,305839;1,595;;1,007925;0,98;;1,208189;1,64
1,331606;1,64;;1,017361;1;;1,2236;1,665
1,36736;1,68;;1,021069;1,015;;1,237234;1,69
1,396419;1,72;;1,038762;1,03;;1,264225;1,72
1,425402;1,76;;1,04659;1,05;;1,278487;1,75
1,451551;1,8;;1,06678;1,07;;1,304192;1,78
1,482005;1,84;;1,075236;1,085;;1,32501;1,81
1,515951;1,885;;1,091029;1,105;;1,337694;1,835
1,540262;1,92;;1,101385;1,125;;1,362005;1,865
1,57283;1,96;;1,125374;1,155;;1,384631;1,895
1,595563;1,995;;1,144507;1,19;;1,401619;1,92
1,623795;2,03;;1,175436;1,225;;1,420308;1,95
1,643449;2,065;;1,196438;1,265;;1,442153;1,98
1,670809;2,095;;1,227918;1,305;;1,46052;2,005
1,693343;2,13;;1,249869;1,34;;1,474981;2,03
1,717623;2,16;;1,283035;1,38;;1,490361;2,055
1,73645;2,19;;1,308111;1,42;;1,511822;2,085
1,760638;2,22;;1,33544;1,455;;1,526559;2,11
1,773352;2,24;;1,360042;1,495;;1,544696;2,135
1,78717;2,26;;1,391798;1,535;;1,556201;2,16
1,798337;2,28;;1,420061;1,575;;1,577723;2,18
1,81407;2,295;;1,447941;1,615;;1,591863;2,205
1,823338;2,31;;1,473722;1,655;;1,607473;2,225
1,826509;2,325;;1,49811;1,69;;1,617062;2,245
1,83596;2,33;;1,523202;1,725;;1,631523;2,26
1,83285;2,335;;1,545889;1,765;;1,638692;2,275
1,835761;2,335;;1,578365;1,8;;1,657917;2,295
1,82994;2,335;;1,602768;1,84;;1,661854;2,31
1,831089;2,34;;1,628733;1,885;;1,677663;2,325
1,823322;2,34;;1,653212;1,92;;1,68759;2,345
1,827688;2,34;;1,681491;1,96;;1,695433;2,365
1,818037;2,34;;1,701252;1,995;;1,716389;2,38
1,822464;2,34;;1,730235;2,03;;1,720939;2,4
1,816015;2,34;;1,747086;2,065;;1,739153;2,415
1,819309;2,34;;1,775333;2,095;;1,750657;2,435
1,813779;2,34;;1,793961;2,125;;1,766879;2,455
1,814682;2,34;;1,817996;2,155;;1,773788;2,475
1,807881;2,34;;1,825502;2,175;;1,789658;2,49
1,812063;2,34;;1,844007;2,195;;1,801316;2,51
1,784259;2,34;;1,850579;2,215;;1,813862;2,525
1,762461;2,34;;1,866219;2,23;;1,8176;2,54
1,7427;2,34;;1,875886;2,245;;1,833363;2,555
1,730613;2,34;;1,888876;2,265;;1,835017;2,57
1,717684;2,34;;1,8975;2,28;;1,849034;2,58
1,717623;2,34;;1,906676;2,29;;1,854074;2,59
1,717071;2,34;;1,914167;2,305;;1,862223;2,6
1,717025;2,34;;1,925043;2,315;;1,86737;2,61
1,732344;2,34;;1,929333;2,33;;1,878323;2,62
1,748751;2,34;;1,93739;2,34;;1,877328;2,63
1,762951;2,34;;1,943549;2,35;;1,88946;2,64
1,76312;2,34;;1,952173;2,36;;1,893581;2,65
1,766352;2,34;;1,95634;2,37;;1,897502;2,655
1,772724;2,34;;1,964106;2,38;;1,897732;2,66
1,79103;2,34;;1,968013;2,385;;1,898513;2,66
1,802611;2,34;;1,967645;2,395;;1,898085;2,665
1,813457;2,345;;1,978644;2,4;;1,900137;2,665
1,814299;2,345;;1,977449;2,41;;1,894408;2,665
1,829618;2,355;;1,988907;2,42;;1,888418;2,665
1,832958;2,365;;1,990822;2,43;;1,870802;2,665
1,84558;2,37;;2,002143;2,435;;1,858455;2,665
1,850865;2,38;;1,999968;2,445;;1,853338;2,665
1,859245;2,39;;2,012192;2,455;;1,845465;2,665
1,867517;2,4;;2,013708;2,46;;1,847119;2,665
1,87873;2,415;;2,016297;2,47;;1,84188;2,665
1,885256;2,43;;2,027511;2,48;;1,864184;2,665
1,899564;2,445;;2,03615;2,49;;1,864751;2,665
1,911512;2,46;;2,035967;2,49;;1,877282;2,665
1,932989;2,485;;2,046383;2,5;;1,877466;2,665
1,946179;2,51;;2,043825;2,51;;1,893382;2,67
1,970413;2,53;;2,057198;2,52;;1,892034;2,675
1,984812;2,555;;2,061135;2,53;;1,899953;2,685
2,00462;2,58;;2,073635;2,54;;1,905376;2,69
2,020521;2,6;;2,071567;2,545;;1,921231;2,71
2,032377;2,625;;2,081325;2,555;;1,939185;2,725
2,059737;2,655;;2,081938;2,56;;1,950092;2,745
2,084078;2,685;;2,095311;2,57;;1,968964;2,76
2,104391;2,715;;2,096859;2,58;;1,979963;2,775
2,125485;2,74;;2,1068;2,59;;1,992647;2,795
2,145261;2,765;;2,109696;2,6;;2,011642;2,825
2,156582;2,795;;2,120097;2,61;;2,036244;2,85
2,181812;2,82;;2,12362;2,62;;2,052681;2,88
2,193393;2,845;;2,1356;2,63;;2,072458;2,905
2,216738;2,87;;2,138893;2,64;;2,089446;2,935
2,232195;2,89;;2,147119;2,65;;2,111858;2,96
2,253044;2,92;;2,15363;2,665;;2,131849;2,99
2,27184;2,945;;2,176807;2,69;;2,149174;3,015
2,289518;2,97;;2,18848;2,71;;2,167128;3,04
2,303259;2,995;;2,200735;2,73;;2,182493;3,065
2,322269;3,015;;2,226455;2,755;;2,207186;3,09
2,340989;3,04;;2,241697;2,78;;2,22396;3,115
2,35496;3,06;;2,251655;2,795;;2,241255;3,14
2,366571;3,08;;2,266207;2,82;;2,2451;3,155
2,382916;3,1;;2,290396;2,845;;2,256865;3,17
2,391449;3,115;;2,300644;2,87;;2,262594;3,185
2,405404;3,135;;2,324036;2,895;;2,277806;3,2
2,415147;3,15;;2,335908;2,92;;2,287135;3,215
2,427999;3,165;;2,355776;2,945;;2,296495;3,225
2,436134;3,18;;2,365703;2,965;;2,297199;3,235
2,449032;3,2;;2,387394;2,985;;2,304813;3,245
2,455879;3,21;;2,404857;3,005;;2,315505;3,26
2,467123;3,225;;2,414386;3,03;;2,326642;3,27
2,473128;3,24;;2,426779;3,05;;2,330594;3,285
2,484265;3,25;;2,445069;3,07;;2,339602;3,295
2,49004;3,265;;2,450232;3,085;;2,336385;3,295
2,499308;3,275;;2,468017;3,105;;2,34455;3,305
2,502939;3,285;;2,471494;3,12;;2,347797;3,31
2,513723;3,3;;2,498103;3,14;;2,358122;3,32
2,518089;3,31;;2,499144;3,16;;2,362304;3,33
2,526361;3,315;;2,521525;3,18;;2,3705;3,34
2,527403;3,32;;2,534378;3,195;;2,37027;3,345
2,525779;3,33;;2,540153;3,21;;2,375095;3,35
2,534817;3,335;;2,549145;3,225;;2,377117;3,36
2,539964;3,34;;2,554981;3,24;;2,394473;3,375
2,538294;3,345;;2,568171;3,255;;2,407219;3,395
2,524002;3,345;;2,570836;3,265;;2,42891;3,415
2,515898;3,345;;2,584393;3,28;;2,443003;3,44
2,515377;3,345;;2,594488;3,29;;2,46687;3,47
2,518319;3,345;;2,60466;3,305;;2,493846;3,505
2,524109;3,345;;2,610665;3,315;;2,513469;3,54
2,525794;3,35;;2,620775;3,33;;2,53153;3,57
2,528031;3,35;;2,620438;3,34;;2,553329;3,6
2,538187;3,355;;2,633566;3,35;;2,579141;3,625
2,536395;3,36;;2,634302;3,36;;2,591902;3,655
2,548343;3,37;;2,643845;3,365;;2,61056;3,675
2,5566;3,38;;2,644213;3,38;;2,626216;3,7
2,566374;3,39;;2,652133;3,385;;2,650695;3,735
2,579134;3,405;;2,64648;3,39;;2,673842;3,77
2,591573;3,42;;2,655212;3,39;;2,700435;3,805
2,603108;3,44;;2,649544;3,395;;2,721743;3,835
2,618473;3,455;;2,659792;3,4;;2,735392;3,865
2,631371;3,47;;2,657356;3,405;;2,75549;3,89
2,643917;3,49;;2,623456;3,405;;2,765157;3,915
2,654242;3,505;;2,598119;3,405;;2,791719;3,94
2,669484;3,52;;2,617175;3,405;;2,800742;3,96
2,673911;3,535;;2,623625;3,405;;2,817593;3,98
2,691758;3,555;;2,633857;3,405;;2,820748;3,995
2,700505;3,57;;2,660083;3,415;;2,831364;4,01
2,716421;3,585;;2,675142;3,425;;2,825589;4,01
2,724616;3,605;;2,688576;3,445;;2,829449;4,015
2,739767;3,62;;2,701168;3,46;;2,823705;4,015
2,749325;3,64;;2,708199;3,475;;2,826569;4,015
2,765747;3,655;;2,733246;3,5;;2,831211;4,02
2,773207;3,67;;2,755289;3,535;;2,839636;4,03
2,786887;3,685;;2,773136;3,56;;2,84414;4,04
2,803293;3,71;;2,798105;3,59;;2,850344;4,045
2,830622;3,74;;2,813577;3,62;;2,855599;4,055
2,848606;3,775;;2,838439;3,645;;2,863365;4,065
2,873285;3,8;;2,849622;3,67;;2,874364;4,08
2,890059;3,83;;2,870731;3,69;;2,884214;4,1
2,911367;3,855;;2,880903;3,71;;2,90805;4,12
2,926793;3,88;;2,89518;3,73;;2,916582;4,135
2,946125;3,905;;2,903667;3,745;;2,933402;4,155
2,960862;3,93;;2,919935;3,765;;2,943007;4,175
2,974174;3,95;;2,934978;3,79;;2,958985;4,19
2,987348;3,97;;2,956241;3,815;;2,967104;4,21
2,992878;3,99;;2,967224;3,84;;2,980416;4,225
3,013666;4,01;;2,996774;3,87;;2,986467;4,24
3,02059;4,025;;3,021514;3,905;;2,9984;4,255
3,035618;4,045;;3,048;3,94;;3,003884;4,27
3,040244;4,06;;3,066275;3,975;;3,005401;4,275
3,059254;4,08;;3,087155;4;;3,010303;4,28
3,065106;4,095;;3,096101;4,02;;3,007515;4,285
3,081804;4,11;;3,103944;4,035;;3,018498;4,295
3,086706;4,125;;3,119247;4,055;;3,036666;4,315
3,099298;4,14;;3,124486;4,07;;3,050667;4,335
3,106574;4,155;;3,142961;4,085;;3,062448;4,355
3,11552;4,165;;3,152137;4,105;;3,076311;4,375
3,118998;4,18;;3,162569;4,12;;3,083879;4,395
3,132539;4,19;;3,164208;4,13;;3,106688;4,415
3,138023;4,205;;3,170244;4,14;;3,116676;4,435
3,139954;4,215;;3,178684;4,155;;3,134063;4,455
3,152347;4,225;;3,189898;4,165;;3,138199;4,47
3,160374;4,235;;3,189545;4,175;;3,145383;4,48
3,160588;4,24;;3,203256;4,185;;3,158741;4,495
3,167405;4,25;;3,206488;4,195;;3,164256;4,51
3,16791;4,255;;3,215832;4,205;;3,176097;4,525
3,172399;4,26;;3,214438;4,215;;3,180969;4,54
3,171909;4,265;;3,225682;4,22;;3,197636;4,555
3,17871;4,275;;3,229343;4,23;;3,200653;4,565
3,188039;4,285;;3,23541;4,235;;3,219021;4,585
3,188545;4,295;;3,236727;4,245;;3,223892;4,6
3,201137;4,305;;3,243666;4,25;;3,232087;4,61
3,204001;4,315;;3,24313;4,26;;3,238981;4,62
3,219274;4,325;;3,225192;4,26;;3,248096;4,63
3,223609;4,34;;3,201356;4,26;;3,242474;4,64
3,231881;4,35;;3,224487;4,26;;3,26971;4,66
3,231866;4,355;;3,237355;4,26;;3,284907;4,685
3,246021;4,37;;3,243498;4,265;;3,302937;4,71
3,250708;4,38;;3,243222;4,265;;3,320094;4,73
3,254308;4,39;;3,248109;4,27;;3,335949;4,755
3,262534;4,4;;3,249962;4,275;;3,344114;4,77
3,267789;4,41;;3,24863;4,28;;3,345492;4,785
3,284869;4,425;;3,25753;4,285;;3,359448;4,795
3,284471;4,44;;3,254757;4,29;;3,367245;4,81
3,302087;4,45;;3,266982;4,3;;3,373265;4,82
3,30509;4,46;;3,275621;4,31;;3,376375;4,835
3,318065;4,475;;3,282607;4,32;;3,404669;4,86
3,334624;4,495;;3,282852;4,33;;3,415376;4,89
3,345868;4,515;;3,301387;4,34;;3,439902;4,91
3,360406;4,53;;3,309338;4,36;;3,449537;4,935
3,369689;4,545;;3,329513;4,38;;3,470937;4,96
3,380611;4,56;;3,341017;4,4;;3,48333;4,98
3,388761;4,575;;3,363765;4,425;;3,499446;5
3,397339;4,59;;3,374259;4,445;;3,51213;5,025
3,408537;4,605;;3,394893;4,465;;3,519146;5,045
3,418525;4,62;;3,412586;4,49;;3,536287;5,065
3,433185;4,64;;3,434998;4,515;;3,552816;5,085
3,444598;4,655;;3,447099;4,545;;3,56429;5,105
3,448504;4,67;;3,481521;4,58;;3,576499;5,12
3,464864;4,69;;3,501435;4,615;;3,587804;5,14
3,480183;4,705;;3,518822;4,645;;3,597501;5,155
3,492025;4,72;;3,544573;4,675;;3,604088;5,17
3,500389;4,74;;3,562787;4,7;;3,61331;5,18
3,514436;4,755;;3,580235;4,725;;3,620403;5,195
3,527365;4,775;;3,607579;4,76;;3,631815;5,215
3,536173;4,785;;3,627616;4,795;;3,654471;5,235
3,529249;4,795;;3,651344;4,825;;3,667232;5,255
3,548367;4,81;;3,671703;4,855;;3,683102;5,275
3,555827;4,825;;3,683452;4,88;;3,693856;5,295
3,57133;4,84;;3,707549;4,91;;3,710324;5,315
3,573719;4,855;;3,725227;4,935;;3,719775;5,335
3,592148;4,87;;3,741878;4,96;;3,732168;5,35
3,599807;4,885;;3,755803;4,98;;3,737836;5,365
3,615478;4,905;;3,772102;5,005;;3,748896;5,38
3,620625;4,915;;3,777785;5,02;;3,751608;5,395
3,633892;4,93;;3,789244;5,03;;3,761442;5,405
3,63648;4,945;;3,785276;5,04;;3,764613;5,415
3,655568;4,96;;3,798052;5,05;;3,767263;5,425
3,662292;4,98;;3,796367;5,06;;3,776593;5,435
3,676784;4,995;;3,804639;5,07;;3,767248;5,44
3,683325;5,005;;3,801713;5,075;;3,759956;5,44
3,696086;5,02;;3,808116;5,08;;3,752006;5,44
3,702627;5,035;;3,807825;5,085;;3,75628;5,44
3,717685;5,05;;3,811793;5,09;;3,747916;5,44
3,726647;5,065;;3,81406;5,095;;3,753875;5,44
3,735715;5,08;;3,815132;5,1;;3,75173;5,44
3,746147;5,095;;3,811318;5,1;;3,762898;5,44
3,747848;5,11;;3,817369;5,105;;3,756893;5,445
3,763825;5,125;;3,816848;5,105;;3,763035;5,45
3,776126;5,14;;3,819054;5,11;;3,756494;5,45
3,784842;5,155;;3,819636;5,11;;3,772365;5,455
3,79051;5,17;;3,820724;5,115;;3,777267;5,465
3,804343;5,18;;3,819376;5,115;;3,787285;5,475
3,810486;5,195;;3,823435;5,125;;3,783593;5,48
3,827551;5,215;;3,837023;5,135;;3,792907;5,49
3,831197;5,23;;3,836671;5,145;;3,798483;5,5
3,846975;5,24;;3,85248;5,155;;3,797533;5,505
3,854099;5,255;;3,855513;5,165;;3,821431;5,525
3,859613;5,275;;3,869116;5,18;;3,838465;5,545
3,888796;5,3;;3,861456;5,18;;3,851134;5,565
3,910579;5,325;;3,869085;5,185;;3,862546;5,585
3,926219;5,355;;3,878368;5,195;;3,885065;5,61
3,943805;5,375;;3,893151;5,21;;3,896615;5,63
3,960686;5,4;;3,897701;5,225;;3,917111;5,65
3,97841;5,425;;3,919836;5,24;;3,925828;5,67
3,992917;5,445;;3,944162;5,28;;3,947979;5,69
4,000209;5,465;;3,976332;5,32;;3,952084;5,71
4,021747;5,485;;3,998192;5,355;;3,969578;5,725
4,030923;5,505;;4,017493;5,39;;3,983288;5,75
4,046533;5,525;;4,047763;5,42;;3,999542;5,77
4,051098;5,54;;4,07166;5,455;;4,012823;5,795
4,067045;5,56;;4,099724;5,49;;4,024343;5,815
4,077063;5,575;;4,118122;5,525;;4,04922;5,84
4,091279;5,59;;4,14663;5,555;;4,055578;5,86
4,095047;5,605;;4,159774;5,59;;4,077361;5,885
4,107731;5,62;;4,187715;5,62;;4,083228;5,905
4,11392;5,635;;4,204198;5,65;;4,102882;5,93
4,125578;5,645;;4,227146;5,675;;4,11454;5,95
4,131628;5,66;;4,23767;5,705;;4,123532;5,96
4,141356;5,675;;4,256343;5,73;;4,125094;5,975
4,146197;5,685;;4,276717;5,75;;4,140015;5,985
4,156828;5,695;;4,292434;5,775;;4,14317;5,995
4,162603;5,705;;4,299894;5,795;;4,146479;6,005
4,169251;5,72;;4,3182;5,815;;4,158933;6,025
4,172974;5,73;;4,325599;5,83;;4,170208;6,04
4,173908;5,74;;4,33787;5,845;;4,177821;6,055
4,183237;5,745;;4,343369;5,86;;4,178909;6,065
4,188936;5,755;;4,353939;5,875;;4,181804;6,075
4,192153;5,765;;4,358856;5,885;;4,189617;6,08
4,191418;5,77;;4,354123;5,895;;4,207616;6,1
4,20211;5,78;;4,36359;5,9;;4,212687;6,115
4,196396;5,785;;4,36699;5,905;;4,217236;6,12
4,20882;5,79;;4,370192;5,915;;4,211844;6,125
4,209555;5,8;;4,375477;5,92;;4,227868;6,135
4,22086;5,81;;4,376549;5,93;;4,232371;6,15
4,223005;5,82;;4,379429;5,935;;4,248196;6,165
4,232196;5,825;;4,3792;5,935;;4,259838;6,18
4,234279;5,835;;4,374006;5,94;;4,266394;6,195
4,246688;5,845;;4,380364;5,945;;4,275126;6,215
4,249782;5,86;;4,380731;5,945;;4,291364;6,23
4,261041;5,87;;4,382662;5,95;;4,296542;6,245
4,267567;5,88;;4,379613;5,95;;4,310574;6,26
4,275992;5,89;;4,383136;5,955;;4,342605;6,3
4,282932;5,905;;4,381344;5,96;;4,369306;6,335
4,294758;5,915;;4,381635;5,96;;4,397783;6,375
4,300165;5,93;;4,378342;5,96;;4,420455;6,415
4,312865;5,94;;4,381268;5,965;;4,451904;6,45
4,320784;5,955;;4,372291;5,965;;4,476231;6,485
4,32921;5,97;;4,375998;5,965;;4,495134;6,52
4,338493;5,98;;4,385587;5,97;;4,519261;6,55
4,343717;5,995;;4,392328;5,98;;4,537184;6,58
4,358116;6,01;;4,395637;5,985;;4,556164;6,61
4,36789;6,025;;4,394901;5,995;;4,575802;6,64
4,375212;6,035;;4,411537;6,005;;4,586694;6,665
4,386073;6,055;;4,420055;6,015;;4,610162;6,69
4,401009;6,07;;4,426335;6,025;;4,623643;6,715
4,407075;6,09;;4,43496;6,035;;4,642225;6,74
4,425365;6,105;;4,439647;6,045;;4,653545;6,77
4,438463;6,125;;4,44291;6,055;;4,680384;6,795
4,453429;6,145;;4,45443;6,065;;4,689054;6,82
4,461303;6,165;;4,463208;6,075;;4,704618;6,84
4,478261;6,18;;4,474911;6,09;;4,704603;6,855
4,489337;6,2;;4,472338;6,1;;4,71482;6,865
4,505161;6,22;;4,492711;6,115;;4,716505;6,875
4,514904;6,24;;4,494688;6,125;;4,722188;6,885
4,530008;6,255;;4,504921;6,135;;4,721423;6,895
4,541374;6,275;;4,507463;6,15;;4,723491;6,9
4,57696;6,32;;4,522828;6,16;;4,729113;6,91
4,608271;6,365;;4,528389;6,17;;4,739024;6,92
4,640456;6,405;;4,543049;6,185;;4,731947;6,925
4,670098;6,445;;4,549575;6,2;;4,737844;6,93
4,690043;6,485;;4,560512;6,215;;4,731747;6,935
4,724188;6,525;;4,584333;6,24;;4,72925;6,94
4,745681;6,56;;4,60319;6,265;;4,729817;6,945
4,77065;6,595;;4,618295;6,29;;4,737523;6,945
4,790886;6,63;;4,64089;6,32;;4,735929;6,95
4,816423;6,66;;4,657174;6,345;;4,732912;6,95
4,832615;6,69;;4,677364;6,37;;4,73426;6,955
4,85596;6,72;;4,690982;6,395;;4,734382;6,955
4,870988;6,745;;4,721375;6,425;;4,726279;6,96
4,888022;6,77;;4,748228;6,47;;4,734842;6,96
4,898684;6,79;;4,782067;6,51;;4,727443;6,965
4,9146;6,81;;4,811709;6,555;;4,73547;6,965
4,924404;6,83;;4,836602;6,595;;4,731701;6,97
4,936322;6,85;;4,861618;6,63;;4,729863;6,97
4,939003;6,865;;4,882804;6,665;;4,739116;6,975
4,952606;6,88;;4,914299;6,7;;4,7374;6,98
4,963406;6,895;;4,933141;6,735;;4,73933;6,985
4,975416;6,915;;4,955905;6,765;;4,747097;6,99
4,984408;6,93;;4,978515;6,795;;4,752933;7
4,997153;6,95;;4,995182;6,82;;4,766797;7,015
5,005425;6,965;;5,009597;6,845;;4,77081;7,03
5,014295;6,975;;5,023491;6,87;;4,791552;7,05
5,020943;6,99;;5,039729;6,895;;4,806151;7,07
5,016715;7;;5,0482;6,915;;4,819708;7,085
5,028021;7,01;;5,059521;6,93;;4,827643;7,105
5,027684;7,015;;5,071668;6,945;;4,847419;7,125
5,035573;7,02;;5,07605;6,96;;4,858112;7,145
5,035787;7,03;;5,094968;6,985;;4,873354;7,16
5,038284;7,035;;5,10465;7,005;;4,885134;7,18
5,037181;7,04;;5,130278;7,03;;4,897849;7,195
5,039188;7,04;;5,136712;7,05;;4,905186;7,21
5,035787;7,045;;5,156121;7,07;;4,921715;7,23
5,038483;7,045;;5,163627;7,09;;4,937141;7,255
5,036063;7,05;;5,177199;7,11;;4,956856;7,29
5,034883;7,05;;5,18011;7,125;;4,984308;7,325
5,032616;7,05;;5,193759;7,135;;5,007393;7,355
5,014984;7,055;;5,195612;7,15;;5,029008;7,39
4,973409;7,055;;5,204666;7,16;;5,048263;7,42
4,950952;7,055;;5,206213;7,17;;5,066202;7,445
4,937395;7,055;;5,217901;7,18;;5,077706;7,475
4,932876;7,055;;5,218116;7,19;;5,102614;7,5
4,953127;7,055;;5,225469;7,2;;5,109523;7,525
4,98476;7,055;;5,224366;7,205;;5,1329;7,55
5,001917;7,055;;5,230646;7,21;;5,143837;7,57
4,999972;7,055;;5,227613;7,215;;5,161745;7,595
5,00829;7,055;;5,233174;7,22;;5,173387;7,615
5,015857;7,06;;5,229191;7,225;;5,190268;7,635
5,029935;7,065;;5,220276;7,225;;5,201834;7,655
5,030502;7,075;;5,098185;7,225;;5,209601;7,675
5,037794;7,08;;5,040326;7,225;;5,225042;7,69
5,059041;7,105;;5,010102;7,225;;5,234876;7,71
5,078909;7,125;;4,994355;7,225;;5,247806;7,725
5,085221;7,14;;5,018849;7,225;;5,255036;7,745
5,080518;7,145;;5,024303;7,225;;5,26029;7,76
5,093937;7,155;;5,015632;7,225;;5,271565;7,775
5,093569;7,16;;4,950543;7,225;;5,28503;7,79
5,103986;7,165;;5,034229;7,225;;5,283299;7,805
5,101566;7,175;;5,144065;7,225;;5,290361;7,815
5,115644;7,185;;5,200851;7,225;;5,297193;7,825
5,113377;7,19;;5,218284;7,23;;5,305879;7,835
5,129798;7,2;;5,219586;7,235;;5,307824;7,845
5,127026;7,21;;5,222727;7,24;;5,308422;7,855
5,141732;7,22;;5,184767;7,245;;5,3153;7,865
5,148257;7,235;;5,208924;7,245;;5,317828;7,87
5,159884;7,245;;5,23512;7,255;;5,325747;7,88
5,16474;7,26;;5,236958;7,27;;5,328689;7,89
5,178757;7,27;;5,251174;7,285;;5,33189;7,895
5,188791;7,285;;5,266002;7,3;;5,331798;7,9
5,201751;7,3;;5,280892;7,315;;5,333422;7,905
5,206806;7,315;;5,290956;7,33;;5,33405;7,91
5,224974;7,335;;5,303931;7,345;;5,337114;7,915
5,236417;7,35;;5,31274;7,36;;5,336287;7,92
5,241625;7,37;;5,320154;7,375;;5,341648;7,93
5,258767;7,385;;5,335764;7,39;;5,352157;7,94
5,272462;7,4;;5,350179;7,41;;5,354271;7,95
5,279891;7,415;;5,360488;7,425;;5,361946;7,96
5,286831;7,43;;5,361775;7,44;;5,368395;7,97
5,304984;7,45;;5,368668;7,445;;5,379057;7,98
5,308599;7,465;;5,386377;7,465;;5,390347;8
5,331439;7,48;;5,066644;7,545;;5,399002;8,015
5,33893;7,5;;5,088902;7,595;;5,407335;8,03
5,353636;7,515;;5,134246;7,65;;5,427234;8,05
5,36154;7,535;;5,171776;7,71;;5,435644;8,065
5,379923;7,555;;5,221072;7,765;;5,447363;8,08
5,391335;7,57;;5,259109;7,815;;5,449339;8,095
5,404892;7,59;;5,293453;7,865;;5,468748;8,11
5,413915;7,605;;5,340038;7,92;;5,479211;8,125
5,422203;7,625;;5,38846;7,98;;5,482029;8,14
5,443695;7,645;;5,428105;8,035;;5,498359;8,155
5,451216;7,66;;5,487006;8,115;;5,4977;8,17
5,459672;7,675;;5,532824;8,19;;5,518258;8,19
5,471744;7,69;;5,585214;8,26;;5,527281;8,21
5,483677;7,71;;5,628934;8,325;;5,547211;8,23
5,493159;7,725;;5,676192;8,39;;5,5551;8,25
5,501569;7,735;;5,715117;8,455;;5,565654;8,27
5,513135;7,755;;5,753935;8,515;;5,583884;8,29
5,526631;7,77;;5,791481;8,57;;5,600259;8,31
5,525666;7,785;;5,827312;8,625;;5,60991;8,33
5,545626;7,8;;5,861626;8,675;;5,617845;8,35
5,560301;7,83;;5,898866;8,735;;5,632812;8,37
5,440555;7,915;;5,929779;8,785;;5,645113;8,39
5,496315;7,985;;5,957123;8,835;;5,668351;8,415
5,547556;8,06;;5,979902;8,87;;5,681342;8,44
5,610148;8,145;;5,991759;8,905;;5,700199;8,46
5,673078;8,23;;6,016085;8,935;;5,702573;8,475
5,727398;8,31;;6,021814;8,96;;5,714262;8,49
5,783158;8,39;;6,040871;8,985;;5,720818;8,505
5,836973;8,465;;6,040457;9;;5,720711;8,515
5,888414;8,54;;6,05573;9,02;;5,733946;8,53
5,935718;8,61;;6,058732;9,03;;5,735172;8,54
5,97786;8,675;;6,058931;9,04;;5,748085;8,55
6,006092;8,735;;6,053769;9,045;;5,75;8,56
6,046947;8,79;;6,058839;9,045;;5,759314;8,57
6,081047;8,84;;6,052053;9,05;;5,763848;8,58
6,106308;8,885;;6,047825;9,055;;5,769761;8,59
6,139871;8,935;;6,033288;9,055;;5,77857;8,6
6,16435;8,98;;6,015411;9,055;;5,783732;8,61
6,181844;9,02;;5,988235;9,055;;5,783334;8,62
6,206339;9,05;;5,970496;9,055;;5,788374;8,63
6,219758;9,08;;5,949816;9,055;;5,806833;8,645
6,23906;9,105;;5,93946;9,055;;5,81944;8,665
6,235644;9,12;;5,929917;9,055;;5,838037;8,69
6,241204;9,13;;5,928462;9,055;;5,854306;8,715
6,238707;9,14;;5,925015;9,055;;5,87232;8,735
6,226805;9,14;;5,928033;9,055;;5,88433;8,76
6,223664;9,14;;5,944301;9,055;;5,908794;8,79
6,19367;9,14;;5,952389;9,055;;5,917434;8,815
6,144543;9,14;;5,953768;9,055;;5,94317;8,84
6,102616;9,14;;5,953385;9,055;;5,956865;8,865
6,065269;9,14;;5,956786;9,055;;5,963191;8,88
6,027018;9,14;;5,947932;9,055;;5,972229;8,895
6,009478;9,14;;5,954197;9,055;;5,97056;8,91
5,990743;9,14;;5,947763;9,055;;5,987012;8,925
5,987786;9,14;;5,952803;9,055;;5,9915;8,94
5,978626;9,14;;5,947503;9,055;;5,961598;8,94
5,978197;9,14;;5,976057;9,055;;5,950998;8,94
5,973295;9,14;;5,994179;9,06;;5,947107;8,94
5,974459;9,14;;5,999954;9,065;;5,973011;8,945
5,970124;9,14;;5,999234;9,07;;5,961705;8,945
5,967979;9,14;;6,0072;9,075;;5,951059;8,945
5,896977;9,14;;6,012669;9,085;;5,94726;8,945
5,911453;9,14;;6,016238;9,09;;5,9648;8,95
5,951021;9,14;;6,017448;9,1;;5,961491;8,95
5,972559;9,14;;6,025031;9,105;;5,972459;8,955
5,974122;9,14;;6,031909;9,115;;5,962594;8,96
6,01487;9,14;;6,040227;9,125;;5,968047;8,96
6,051512;9,14;;6,041698;9,14;;5,97272;8,965
6,061684;9,14;;6,052436;9,15;;5,980241;8,97
6,074107;9,14;;6,06417;9,16;;5,983259;8,98
6,071656;9,14;;6,064048;9,175;;5,999083;9
6,079592;9,14;;6,080807;9,185;;5,997919;9,005
6,126283;9,145;;6,086674;9,2;;6,039632;9,04
6,133207;9,15;;6,100935;9,215;;6,066715;9,08
6,141694;9,155;;6,056634;9,22;;6,095055;9,12
6,14776;9,155;;6,075568;9,22;;6,129216;9,16
6,154914;9,16;;6,074786;9,22;;6,147338;9,2
6,15303;9,165;;6,090733;9,22;;6,177041;9,235
6,162328;9,17;;6,085341;9,225;;6,210359;9,27
6,149951;9,17;;6,096156;9,23;;6,234716;9,31
6,172316;9,18;;6,085877;9,235;;6,255718;9,365
6,180083;9,19;;6,081971;9,235;;6,064157;9,41
6,182181;9,195;;6,093138;9,24;;6,113897;9,455
6,186961;9,2;;6,09565;9,24;;6,134118;9,495
6,189534;9,205;;6,105454;9,25;;6,167314;9,535
6,200365;9,215;;6,104566;9,255;;6,187213;9,575
6,198006;9,23;;6,098638;9,255;;6,210926;9,615
6,20833;9,235;;6,106282;9,26;;6,243846;9,66
6,208882;9,24;;6,1074;9,265;;6,272645;9,7
6,215254;9,24;;6,111873;9,27;;6,298304;9,74
6,217001;9,25;;6,119471;9,28;;6,317637;9,77
6,058053;9,275;;6,125262;9,29;;6,343234;9,81
6,074858;9,295;;6,131741;9,3;;6,361142;9,85
6,082349;9,315;;6,145207;9,315;;6,390876;9,885
6,107073;9,34;;6,155914;9,335;;6,413333;9,92
6,118869;9,365;;6,171402;9,35;;6,434105;9,955
6,140177;9,39;;6,184193;9,375;;6,44443;9,99
6,163278;9,425;;6,194947;9,395;;6,471804;10,025
6,191173;9,465;;6,219809;9,42;;6,478453;10,045
6,211655;9,5;;6,233611;9,445;;6,476308;10,055
6,235628;9,54;;6,255456;9,475;;6,473474;10,065
6,264872;9,575;;6,270989;9,505;;6,463839;10,07
6,29528;9,62;;6,301458;9,54;;6,470564;10,075
6,326484;9,67;;6,330839;9,58;;6,468603;10,08
6,358715;9,72;;6,359409;9,62;;6,468496;10,085
6,391987;9,765;;6,383658;9,665;;6,462843;10,09
6,430422;9,825;;6,413683;9,705;;6,462812;10,09
6,487944;9,905;;6,446235;9,755;;6,468817;10,1
6,537301;9,98;;6,490675;9,81;;6,468174;10,105
6,589109;10,055;;6,521113;9,865;;6,469982;10,115
6,636153;10,125;;6,560008;9,915;;6,47614;10,12
6,673975;10,185;;6,585927;9,96;;6,493144;10,14
6,712241;10,245;;6,624347;10,005;;6,49777;10,155
6,744058;10,305;;6,651062;10,055;;6,497234;10,165
6,783657;10,355;;6,688195;10,105;;6,511679;10,18
6,804735;10,405;;6,712383;10,145;;6,514942;10,19
6,83237;10,445;;6,734044;10,19;;6,522739;10,205
6,857907;10,485;;6,766321;10,23;;6,531241;10,22
6,881957;10,52;;6,786833;10,27;;6,540662;10,235
6,892757;10,555;;6,816612;10,305;;6,547602;10,25
6,904537;10,57;;6,840326;10,34;;6,554082;10,27
6,904506;10,585;;6,862109;10,37;;6,56171;10,285
6,911875;10,595;;6,869784;10,4;;6,558493;10,295
6,910052;10,605;;6,893267;10,43;;6,581671;10,31
6,911262;10,615;;6,902857;10,455;;6,590709;10,335
6,905763;10,615;;6,909291;10,47;;6,61217;10,36
6,892711;10,62;;6,910286;10,48;;6,643298;10,4
6,756068;10,62;;6,914928;10,485;;6,675054;10,45
6,663175;10,62;;6,911588;10,495;;6,7001;10,485
6,619547;10,62;;6,912952;10,5;;6,726448;10,525
6,596431;10,62;;6,911083;10,505;;6,747588;10,56
6,595129;10,62;;6,913243;10,51;;6,775591;10,6
6,595619;10,62;;6,822786;10,51;;6,797236;10,635
6,793415;10,62;;6,75546;10,51;;6,813658;10,67
6,802928;10,62;;6,713594;10,51;;6,839623;10,71
6,792312;10,62;;6,698979;10,51;;6,858971;10,745
6,785143;10,62;;6,688486;10,51;;6,888628;10,78
6,786047;10,62;;6,726599;10,51;;6,90891;10,815
6,775568;10,62;;6,732619;10,51;;6,927982;10,845
6,7826;10,62;;6,733845;10,51;;6,940696;10,88
6,77278;10,62;;6,799302;10,51;;6,962832;10,905
6,78211;10,62;;6,88066;10,515;;6,97835;10,935
6,77926;10,62;;6,888457;10,52;;6,990497;10,96
6,783641;10,62;;6,892762;10,53;;6,996104;10,985
6,773868;10,62;;6,900789;10,54;;7,016815;11,01
6,815933;10,62;;6,897434;10,58;;7,017826;11,03
6,814861;10,625;;6,615554;10,6;;7,02763;11,04
6,818706;10,625;;6,623458;10,625;;7,028059;11,055
6,822352;10,625;;6,634825;10,655;;7,031383;11,065
6,82465;10,63;;6,662506;10,695;;7,031981;11,075
6,836905;10,635;;6,700864;10,74;;7,032884;11,08
6,843645;10,645;;6,731195;10,785;;7,036255;11,09
6,852193;10,65;;6,775129;10,835;;7,037204;11,1
6,857095;10,66;;6,826937;10,915;;7,034784;11,105
6,86045;10,665;;6,895197;11;;7,039717;11,11
6,868814;10,685;;6,955553;11,095;;7,041325;11,12
6,88643;10,7;;7,022251;11,19;;7,039977;11,125
6,891302;10,715;;7,079926;11,28;;7,039946;11,13
6,90662;10,73;;7,140114;11,365;;7,032011;11,135
6,912733;10,745;;7,194955;11,45;;7,040054;11,14
6,932923;10,77;;7,247789;11,53;;7,040452;11,145
6,945331;10,785;;7,295829;11,605;;7,042076;11,15
6,960251;10,805;;7,337603;11,675;;7,037495;11,155
6,965153;10,825;;7,372377;11,73;;7,040636;11,16
6,981851;10,84;;7,043697;11,825;;7,030234;11,165
6,99409;10,86;;7,096271;11,9;;7,038108;11,165
7,011845;10,885;;7,144939;11,975;;7,058589;11,185
7,021848;10,905;;7,181857;12,03;;7,076604;11,205
7,037688;10,935;;7,209094;12,08;;7,083881;11,225
6,897215;10,965;;7,247115;12,13;;7,09563;11,24
6,921878;11;;7,269358;12,175;;7,107762;11,26
6,93833;11,035;;7,301834;12,22;;7,119665;11,28
6,96425;11,075;;7,322146;12,26;;7,12734;11,295
6,988346;11,115;;7,352922;12,3;;7,139457;11,31
7,018784;11,16;;7,367015;12,335;;7,158314;11,33
7,040782;11,2;;7,388783;12,37;;7,179454;11,37
7,06376;11,245;;7,401758;12,4;;7,211103;11,41
7,099713;11,29;;7,419053;12,425;;7,237007;11,45
7,123258;11,335;;7,428658;12,45;;7,26046;11,48
7,154539;11,375;;7,435107;12,475;;7,276759;11,515
7,171528;11,415;;7,445125;12,495;;7,300059;11,545
7,204815;11,455;;7,45522;12,515;;7,305313;11,57
7,242622;11,515;;7,459173;12,53;;7,311992;11,585
7,278391;11,57;;7,464595;12,545;;7,310552;11,595
7,309596;11,62;;7,464672;12,56;;7,322516;11,605
7,344032;11,675;;7,472423;12,57;;7,322072;11,62
7,366551;11,72;;7,471795;12,585;;7,330451;11,63
7,404817;11,77;;7,474476;12,595;;7,333408;11,64
7,429204;11,815;;7,475901;12,605;;7,335215;11,65
7,451937;11,86;;7,466526;12,615;;7,339122;11,66
7,481625;11,905;;7,471734;12,62;;7,347087;11,67
7,51044;11,94;;7,463155;12,62;;7,349554;11,68
7,532346;11,98;;7,468777;12,625;;7,028243;11,725
7,551034;12,015;;7,461884;12,63;;7,060841;11,76
7,568161;12,045;;7,463186;12,63;;7,079591;11,79
7,582392;12,075;;7,455144;12,635;;7,096871;11,825
7,592671;12,1;;7,460475;12,64;;7,117873;11,86
7,601602;12,12;;7,452877;12,64;;7,142567;11,895
7,616047;12,14;;7,459387;12,645;;7,177034;11,945
7,624013;12,16;;7,461608;12,655;;7,21239;12
7,627521;12,175;;7,465821;12,66;;7,243441;12,055
7,635165;12,19;;7,464289;12,67;;7,280696;12,11
7,638167;12,2;;7,472714;12,68;;7,309817;12,16
7,638857;12,21;;7,4706;12,685;;7,348589;12,215
7,640358;12,22;;7,475747;12,69;;7,381524;12,27
7,631213;12,225;;7,476835;12,7;;7,415072;12,32
7,637892;12,235;;7,479715;12,705;;7,438739;12,365
7,633158;12,24;;7,479041;12,715;;7,470602;12,42
7,634675;12,24;;7,482871;12,72;;7,508899;12,47
7,626387;12,245;;7,483254;12,73;;7,538434;12,52
7,61882;12,245;;7,498925;12,74;;7,566023;12,565
7,618988;12,25;;7,509847;12,765;;7,589522;12,615
7,616721;12,25;;7,524032;12,785;;7,62474;12,66
7,609001;12,25;;7,532151;12,81;;7,646814;12,705
7,601142;12,25;;7,539167;12,83;;7,675016;12,75
7,598277;12,25;;7,309585;12,88;;7,699051;12,79
7,588657;12,25;;7,332655;12,925;;7,72209;12,83
7,594233;12,25;;7,348587;12,955;;7,743261;12,87
7,585471;12,25;;7,378504;13;;7,765151;12,905
7,586987;12,25;;7,405649;13,045;;7,780286;12,94
7,581595;12,25;;7,435245;13,085;;7,798669;12,97
7,584062;12,25;;7,45931;13,125;;7,810158;12,995
7,580263;12,25;;7,48667;13,165;;7,815075;13,02
7,578256;12,25;;7,514458;13,21;;7,830057;13,045
7,575682;12,255;;7,541679;13,25;;7,839968;13,065
7,573032;12,255;;7,568104;13,29;;7,848378;13,085
7,586773;12,265;;7,592859;13,335;;7,849941;13,105
7,606779;12,28;;7,621934;13,38;;7,859101;13,125
7,600698;12,29;;7,643427;13,42;;7,860725;13,14
7,612279;12,295;;7,667431;13,46;;7,870238;13,155
7,610716;12,3;;7,689827;13,505;;7,868063;13,165
7,615113;12,31;;7,71616;13,545;;7,875293;13,18
7,62939;12,325;;7,731218;13,585;;7,876672;13,19
7,637601;12,34;;7,762101;13,62;;7,87612;13,2
7,642074;12,35;;7,778216;13,655;;7,871892;13,205
7,650882;12,36;;7,800352;13,69;;7,881114;13,215
7,663734;12,38;;7,811152;13,725;;7,880241;13,225
7,683572;12,405;;7,8322;13,755;;7,88378;13,23
7,700331;12,43;;7,848621;13,79;;7,883719;13,24
7,713306;12,455;;7,869654;13,82;;7,889846;13,245
7,733159;12,48;;7,878799;13,85;;7,861108;13,25
7,739869;12,5;;7,901456;13,875;;7,847183;13,25
7,77213;12,535;;7,910049;13,905;;7,847459;13,25
7,787755;12,565;;7,928172;13,93;;7,821371;13,25
7,812372;12,595;;7,939615;13,96;;7,819564;13,25
7,827017;12,625;;7,955393;13,985;;7,812701;13,25
7,850439;12,655;;7,964523;14,005;;7,856512;13,255
7,86176;12,68;;7,976977;14,03;;7,860296;13,26
7,882731;12,71;;7,985939;14,055;;7,867358;13,27
7,897024;12,735;;8,000062;14,075;;7,871755;13,275
7,922101;12,77;;8,011061;14,1;;7,881038;13,29
7,940468;12,8;;8,021218;14,12;;7,885373;13,305
7,956644;12,83;;8,029245;14,14;;7,893798;13,315
7,971458;12,855;;8,031757;14,16;;7,901902;13,33
7,992199;12,885;;8,049297;14,18;;7,903265;13,345
8,003734;12,91;;8,04994;14,2;;7,913805;13,36
8,017735;12,935;;8,065933;14,22;;7,92606;13,375
7,910903;12,97;;8,073853;14,235;;7,929093;13,39
7,928213;13;;8,082738;14,255;;7,932111;13,4
7,942949;13,03;;8,081573;14,27;;7,949865;13,42
7,952462;13,06;;8,09533;14,285;;7,959776;13,44
7,973219;13,09;;8,098256;14,3;;7,978894;13,46
7,987956;13,12;;8,10806;14,315;;7,985895;13,485
8,014779;13,16;;8,110771;14,33;;8,007785;13,51
8,033085;13,195;;8,120698;14,345;;8,018707;13,535
8,058698;13,23;;8,118507;14,36;;8,034486;13,555
8,07417;13,265;;8,131252;14,37;;8,044397;13,58
8,096489;13,295;;8,131497;14,385;;8,065613;13,605
8,111639;13,33;;8,141026;14,395;;8,078542;13,63
8,133545;13,36;;8,144656;14,41;;8,089312;13,655
8,147562;13,39;;8,144564;14,42;;8,110053;13,685
8,167645;13,42;;8,151366;14,435;;8,126306;13,71
8,18399;13,45;;8,158474;14,445;;8,141671;13,74
8,199171;13,475;;8,166133;14,46;;8,148993;13,765
8,20441;13,505;;8,178633;14,48;;8,164297;13,785
8,226898;13,53;;8,19337;14,505;;8,183507;13,815
8,238724;13,555;;8,205226;14,525;;8,210667;13,85
8,244147;13,58;;8,212534;14,545;;8,233553;13,885
8,260247;13,6;;8,220775;14,565;;8,252916;13,92
8,267891;13,625;;8,232203;14,585;;8,265309;13,955
8,283026;13,645;;8,235037;14,6;;8,288486;13,985
8,291619;13,665;;8,247353;14,62;;8,303652;14,015
8,304732;13,685;;8,252194;14,635;;8,322095;14,045
8,306402;13,705;;8,263744;14,65;;8,335591;14,075
8,324953;13,725;;8,264035;14,665;;8,353223;14,1
8,329687;13,745;;8,278465;14,68;;8,366566;14,13
8,343489;13,765;;8,231467;14,7;;8,380429;14,155
8,351531;13,785;;8,254706;14,725;;8,395273;14,18
8,361565;13,8;;8,266471;14,755;;8,408141;14,205
8,367432;13,82;;8,28853;14,785;;8,417807;14,23
8,370205;13,835;;8,301336;14,81;;8,43164;14,255
8,383348;13,855;;8,314526;14,83;;8,441965;14,28
8,394378;13,87;;8,321266;14,855;;8,453821;14,3
8,402573;13,89;;8,33994;14,875;;8,462614;14,32
8,286702;13,89;;8,349483;14,9;;8,475283;14,345
8,267829;13,89;;8,365277;14,925;;8,483448;14,365
8,249692;13,89;;8,377762;14,95;;8,496024;14,385
8,274508;13,89;;8,375173;14,965;;8,501907;14,405
8,266558;13,89;;8,373089;14,97;;8,222615;14,45
8,276056;13,89;;8,377363;14,975;;8,273642;14,485
8,283301;13,89;;8,391242;14,995;;8,290018;14,52
8,336473;13,895;;8,399989;15,02;;8,31413;14,56
8,295357;13,895;;8,418571;15,04;;8,330689;14,6
8,257949;13,895;;8,421573;15,06;;8,355398;14,635
8,284971;13,895;;8,438393;15,08;;8,390371;14,69
8,36132;13,905;;8,451108;15,1;;8,43573;14,755
8,36636;13,92;;8,480979;15,14;;8,466291;14,815
8,364307;13,93;;8,48772;15,175;;8,509597;14,87
8,356586;13,93;;8,508231;15,2;;8,540357;14,93
8,42333;13,99;;8,51707;15,23;;8,576341;14,99
8,466789;14,06;;8,535376;15,255;;8,605707;15,045
8,282535;14,135;;8,541626;15,28;;8,638703;15,095
8,357168;14,21;;8,561127;15,305;;8,665879;15,145
8,404657;14,285;;8,568495;15,325;;8,694954;15,195
8,448514;14,36;;8,589114;15,35;;8,716676;15,245
8,493888;14,43;;8,598229;15,38;;8,739378;15,29
8,530868;14,495;;8,622831;15,41;;8,766875;15,33
8,57589;14,56;;8,643573;15,45;;8,790665;15,37
8,609882;14,625;;8,661496;15,485;;8,803564;15,41
8,655026;14,69;;8,688441;15,52;;8,815482;15,445
8,680394;14,74;;8,710163;15,56;;8,837142;15,475
8,710404;14,785;;8,727887;15,595;;8,846334;15,505
8,734837;14,83;;8,747158;15,63;;8,860121;15,535
8,761629;14,875;;8,763442;15,66;;8,87141;15,56
8,782111;14,92;;8,774778;15,695;;8,879698;15,58
8,807877;14,965;;8,798813;15,725;;8,882762;15,6
8,827822;15;;8,815648;15,755;;8,888139;15,615
8,851275;15,04;;8,82729;15,785;;8,891095;15,63
8,872721;15,085;;8,838381;15,81;;8,90813;15,655
8,892942;15,125;;8,855216;15,84;;8,91562;15,68
8,916272;15,16;;8,872343;15,865;;8,917551;15,7
8,929615;15,195;;8,885486;15,89;;8,92688;15,715
8,949299;15,225;;8,892242;15,915;;8,922054;15,73
8,957127;15,255;;8,907438;15,94;;8,931996;15,74
8,989067;15,295;;8,912478;15,96;;8,936132;15,755
9,016579;15,345;;8,925315;15,98;;8,938675;15,77
9,045746;15,395;;8,927582;16;;8,933819;15,78
9,067392;15,435;;8,933909;16,01;;8,939073;15,79
9,087612;15,47;;8,931887;16,025;;8,926818;15,795
9,09472;15,5;;8,939194;16,035;;8,929591;15,8
9,103513;15,52;;8,93901;16,04;;8,921472;15,8
9,103192;15,535;;8,94621;16,055;;8,925624;15,805
9,098749;15,545;;8,951265;16,07;;8,920767;15,81
9,101644;15,55;;8,955493;16,08;;8,916111;15,815
9,095701;15,555;;8,954635;16,09;;8,922315;15,82
9,085851;15,56;;8,962754;16,105;;8,924904;15,825
9,069628;15,56;;8,964608;16,115;;8,924597;15,835
9,038623;15,56;;8,971486;16,125;;8,925547;15,84
8,96877;15,56;;8,973952;16,14;;8,925761;15,85
8,95054;15,56;;8,97939;16,15;;8,926711;15,855
8,933475;15,56;;8,983634;16,16;;8,927339;15,86
8,932142;15,56;;8,97864;16,17;;8,921426;15,87
8,927348;15,56;;8,991033;16,18;;8,930326;15,875
8,907709;15,56;;8,994648;16,19;;8,930326;15,885
8,990292;15,56;;8,994847;16,2;;8,950961;15,9
8,982265;15,56;;8,994341;16,21;;8,958314;15,925
8,957005;15,56;;9,002659;16,22;;8,976666;15,95
8,941885;15,56;;8,997849;16,23;;8,987052;15,97
8,941901;15,56;;9,009063;16,24;;9,000011;15,995
8,933215;15,56;;9,010564;16,25;;9,019022;16,02
8,937182;15,56;;9,01398;16,26;;9,022867;16,04
9,011555;15,57;;9,017365;16,265;;9,035827;16,06
9,047738;15,595;;9,019985;16,275;;9,046688;16,08
9,06128;15,615;;9,017994;16,285;;9,059356;16,105
9,071543;15,64;;9,032225;16,295;;9,068042;16,125
9,072554;15,645;;9,030417;16,31;;9,086685;16,145
9,01131;15,65;;9,042657;16,32;;9,097362;16,17
8,904538;15,65;;9,043974;16,335;;9,109648;16,19
8,868845;15,65;;9,056367;16,35;;9,115515;16,215
9,064328;15,65;;9,056244;16,36;;9,13212;16,235
9,063133;15,66;;9,084324;16,39;;9,139443;16,255
9,053835;15,66;;9,099535;16,425;;9,149032;16,27
8,929171;15,665;;9,120262;16,455;;9,154149;16,29
9,012918;15,665;;9,133911;16,48;;9,16576;16,31
9,056592;15,67;;9,151144;16,51;;9,170923;16,325
9,062229;15,68;;9,163368;16,535;;9,170157;16,34
9,071788;15,69;;9,189334;16,57;;9,192844;16,36
9,07885;15,695;;9,204024;16,605;;9,194023;16,38
9,08654;15,71;;9,23071;16,645;;9,210062;16,4
9,103314;15,73;;9,25021;16,68;;9,213769;16,42
9,078008;15,765;;8,947696;16,74;;9,227954;16,44
9,1101;15,795;;8,994464;16,79;;9,233132;16,455
9,130015;15,825;;9,028793;16,85;;9,251285;16,475
9,149776;15,86;;9,065865;16,915;;9,256325;16,5
9,179157;15,895;;9,099673;16,97;;9,22967;16,505
9,200083;15,93;;9,146732;17,035;;9,165745;16,505
9,22084;15,96;;9,18097;17,1;;9,177111;16,505
9,239636;15,995;;9,225532;17,155;;9,19292;16,505
9,262399;16,03;;9,261393;17,215;;9,194943;16,505
9,279419;16,065;;9,299276;17,275;;9,221505;16,505
9,296254;16,09;;9,331722;17,335;;9,21524;16,51
9,299364;16,115;;9,362957;17,39;;9,225212;16,535
9,317884;16,135;;9,394176;17,44;;8,954499;16,545
9,325329;16,155;;9,427648;17,495;;8,984187;16,56
9,336527;16,175;;9,451009;17,545;;8,997009;16,575
9,336772;16,195;;9,479716;17,59;;9,017505;16,605
9,35808;16,215;;9,503384;17,64;;9,027309;16,63
9,36649;16,24;;9,520786;17,685;;9,048112;16,66
9,376402;16,265;;9,550964;17,73;;9,074399;16,71
9,396071;16,285;;9,574646;17,775;;9,107166;16,76
9,407254;16,31;;9,59404;17,815;;9,135797;16,81
9,416889;16,33;;9,61446;17,855;;9,188922;16,895
9,429113;16,35;;9,632781;17,89;;9,250059;16,985
9,438734;16,375;;9,639889;17,925;;9,302358;17,07
9,450008;16,395;;9,67264;17,96;;9,360431;17,155
9,457361;16,41;;9,689338;18,01;;9,413219;17,255
9,463412;16,43;;9,720113;18,055;;9,476103;17,35
9,359168;16,455;;9,729565;18,095;;9,52546;17,44
9,37009;16,48;;9,754366;18,13;;9,58675;17,525
9,396622;16,52;;9,760861;18,16;;9,636827;17,61
9,414852;16,565;;9,778769;18,19;;9,686368;17,69
9,443115;16,61;;9,78266;18,215;;9,730532;17,765
9,458265;16,65;;9,797626;18,235;;9,773654;17,84
9,490021;16,69;;9,796508;18,255;;9,812748;17,91
9,514975;16,735;;9,804872;18,27;;9,853388;17,985
9,541339;16,78;;9,803401;18,285;;9,90849;18,06
9,561483;16,82;;9,806925;18,295;;9,942544;18,13
9,589133;16,86;;9,806251;18,305;;9,979033;18,19
9,610013;16,9;;9,809881;18,315;;9,999208;18,245
9,630769;16,94;;9,806741;18,325;;10,043249;18,31
9,651251;16,975;;9,806312;18,33;;10,068265;18,365
9,671441;17,015;;9,766805;18,335;;10,097891;18,415
9,689149;17,05;;9,710202;18,335;;10,136356;18,485
9,699474;17,08;;9,700842;18,335;;10,169537;18,545
9,724245;17,115;;9,693122;18,335;;10,192867;18,6
9,741172;17,145;;9,690533;18,335;;10,215769;18,65
9,756674;17,175;;9,682644;18,335;;10,233125;18,69
9,771212;17,205;;9,687745;18,335;;10,25834;18,74
9,782869;17,235;;9,686259;18,335;;10,272954;18,785
9,787848;17,26;;9,682429;18,335;;10,279633;18,82
9,777447;17,265;;9,678584;18,335;;10,296284;18,845
9,766524;17,265;;9,685677;18,335;;10,294844;18,865
9,770798;17,265;;9,684329;18,335;;9,922997;18,905
9,764426;17,27;;9,631938;18,335;;9,955304;18,93
9,709952;17,27;;9,600795;18,335;;9,985543;18,955
9,676986;17,27;;9,496842;18,335;;9,989189;18,98
9,665834;17,27;;9,650842;18,335;;10,001015;19
9,761408;17,28;;9,717662;18,335;;9,997584;19,02
9,774245;17,3;;9,71901;18,335;;9,984548;19,025
9,781675;17,32;;9,718612;18,34;;9,968647;19,025
9,792352;17,335;;9,729075;18,345;;9,964342;19,025
9,80018;17,355;;9,737331;18,35;;9,842987;19,025
9,811914;17,375;;9,738266;18,36;;9,781804;19,025
9,820247;17,39;;9,743551;18,37;;9,751963;19,025
9,823878;17,41;;9,717877;18,37;;9,723286;19,025
9,839166;17,43;;9,695174;18,375;;9,810527;19,025
9,851712;17,45;;9,68704;18,375;;9,840413;19,025
9,867383;17,475;;9,74064;18,38;;9,810404;19,025
9,870983;17,495;;9,751655;18,395;;9,688651;19,025
9,891142;17,515;;9,761933;18,41;;9,667235;19,025
9,902601;17,54;;9,779918;18,435;;9,688742;19,025
9,915024;17,56;;9,793107;18,47;;9,750906;19,025
9,91913;17,58;;9,816146;18,5;;9,760557;19,025
9,935812;17,6;;9,836873;18,53;;9,840643;19,025
9,941832;17,62;;9,85979;18,565;;9,84527;19,025
9,954807;17,64;;9,872259;18,6;;9,855181;19,025
9,962803;17,66;;9,89346;18,63;;9,891471;19,03
9,978092;17,685;;9,908335;18,67;;9,892329;19,035
9,987957;17,705;;9,937532;18,71;;9,893861;19,04
10,00683;17,74;;9,956528;18,75;;9,93084;19,065
10,041174;17,785;;9,978954;18,785;;9,941287;19,09
10,066465;17,83;;10,007294;18,825;;9,957847;19,11
10,091466;17,875;;10,056636;18,9;;9,974744;19,14
10,115685;17,915;;10,098578;18,975;;9,994045;19,175
10,134006;17,955;;10,144994;19,045;;10,014389;19,205
10,148651;17,99;;10,182341;19,115;;10,02983;19,235
10,174616;18,03;;10,225218;19,185;;10,047247;19,27
10,192202;18,065;;10,259946;19,245;;10,065829;19,305
10,212331;18,1;;10,289312;19,31;;10,085942;19,335
10,230851;18,13;;10,323534;19,365;;10,103927;19,365
10,244852;18,16;;10,36105;19,42;;10,125725;19,4
10,254748;18,19;;10,385958;19,47;;10,144445;19,43
10,270251;18,22;;10,409733;19,515;;10,164742;19,465
10,274724;18,245;;10,425205;19,56;;10,17689;19,5
10,292723;18,265;;10,447754;19,595;;10,200021;19,53
10,300322;18,29;;10,210941;19,64;;10,210591;19,56
10,310417;18,31;;10,28755;19,68;;10,23095;19,59
10,313388;18,33;;10,308966;19,72;;10,237751;19,62
10,32454;18,345;;10,329493;19,76;;10,254709;19,645
10,326256;18,36;;10,349117;19,8;;10,264513;19,675
10,333609;18,375;;10,36828;19,835;;10,278989;19,7
10,333533;18,39;;10,3834;19,87;;10,273612;19,715
10,338373;18,4;;10,40264;19,9;;10,278897;19,725
10,339109;18,41;;10,407113;19,93;;10,275098;19,74
10,338189;18,425;;10,411954;19,945;;10,286082;19,75
10,349433;18,435;;10,410545;19,955;;10,286741;19,76
10,356281;18,45;;10,429831;19,985;;10,286511;19,775
10,360923;18,465;;10,43409;20;;10,288931;19,785
10,356603;18,475;;10,4209;20,01;;10,291811;19,795
10,369041;18,49;;10,426614;20,015;;10,298245;19,805
10,362899;18,5;;10,434105;20,025;;10,295426;19,82
10,331526;18,505;;10,436142;20,035;;10,316965;19,845
10,306235;18,505;;10,437;20,05;;10,323889;19,86
10,299111;18,505;;10,441243;20,06;;10,327412;19,88
10,287469;18,505;;10,44374;20,07;;10,33671;19,895
10,346845;18,505;;10,447448;20,08;;10,348138;19,91
10,354381;18,52;;10,442071;20,09;;10,358999;19,93
10,3625;18,53;;10,445732;20,095;;10,368941;19,95
10,361918;18,54;;10,440554;20,105;;10,377734;19,97
10,367065;18,555;;10,44564;20,11;;10,385148;19,985
10,377084;18,57;;10,434672;20,12;;10,391889;20,005
10,389308;18,585;;10,444016;20,125;;10,404113;20,02
10,395528;18,6;;10,439696;20,13;;10,411129;20,045
10,402727;18,615;;10,4425;20,135;;10,423813;20,065
10,408211;18,625;;10,438655;20,145;;10,433356;20,085
10,416147;18,64;;10,445563;20,15;;10,441996;20,105
10,427636;18,66;;10,450894;20,16;;10,44892;20,125
10,431036;18,68;;10,457405;20,175;;10,4571;20,145
10,45089;18,7;;10,455674;20,185;;10,468574;20,165
10,457737;18,72;;10,469461;20,2;;10,473537;20,18
10,47376;18,74;;10,473306;20,215;;10,476693;20,2
10,478096;18,76;;10,474807;20,23;;10,495413;20,22
10,496386;18,78;;10,365676;20,235;;10,502168;20,235
10,503387;18,805;;10,336494;20,235;;10,509123;20,255
10,525829;18,83;;10,327134;20,235;;10,517288;20,27
10,53283;18,855;;10,480996;20,245;;10,523798;20,29
10,550615;18,875;;10,483585;20,26;;10,537861;20,31
10,561813;18,9;;10,493143;20,275;;10,545919;20,33
10,573807;18,92;;10,503545;20,29;;10,549871;20,35
10,583473;18,945;;10,515111;20,315;;10,564837;20,37
10,592481;18,97;;10,524654;20,335;;10,586069;20,405
10,614279;19;;10,532405;20,355;;10,616017;20,45
10,632447;19,025;;10,555384;20,385;;10,634292;20,485
10,646296;19,055;;10,56364;20,415;;10,654697;20,515
10,660772;19,08;;10,587093;20,445;;10,664317;20,55
10,676856;19,11;;10,594217;20,475;;10,690237;20,585
10,686645;19,135;;10,619891;20,51;;10,705188;20,615
10,705349;19,16;;10,646331;20,555;;10,725822;20,65
10,713085;19,185;;10,672174;20,595;;10,729973;20,675
10,731468;19,21;;10,691184;20,635;;10,751098;20,705
10,738683;19,235;;10,71695;20,675;;10,764992;20,73
10,751857;19,255;;10,730278;20,715;;10,776175;20,755
10,760007;19,275;;10,78083;20,78;;10,785044;20,78
10,772522;19,3;;10,813581;20,845;;10,797544;20,805
10,777118;19,32;;10,853747;20,91;;10,809248;20,83
10,791012;19,34;;10,886697;20,97;;10,811822;20,855
10,800264;19,36;;10,922038;21,03;;10,82881;20,875
10,807081;19,375;;10,950577;21,085;;10,841172;20,9
10,813775;19,395;;10,985856;21,14;;10,849245;20,92
10,825402;19,415;;11,002921;21,18;;10,859356;20,94
10,82888;19,43;;11,013031;21,21;;10,867858;20,96
10,830243;19,445;;11,020093;21,23;;10,871871;20,98
10,839113;19,465;;11,028227;21,25;;10,886087;21
10,852486;19,48;;11,032241;21,27;;10,891219;21,02
10,857158;19,495;;11,040513;21,29;;10,904623;21,04
10,857602;19,51;;11,040253;21,3;;10,913354;21,06
10,870531;19,525;;11,042566;21,31;;10,924828;21,08
10,872875;19,535;;11,044649;21,325;;10,930251;21,1
10,875495;19,55;;11,045155;21,33;;10,693193;21,145
10,875234;19,565;;11,045384;21,34;;10,770829;21,205
10,890093;19,58;;11,043653;21,35;;10,791248;21,265
10,890354;19,595;;11,043623;21,355;;10,831782;21,325
10,840982;19,595;;11,040299;21,36;;10,869956;21,39
10,884625;19,6;;11,043822;21,37;;10,902493;21,455
10,883277;19,605;;10,95819;21,38;;10,932671;21,515
10,875924;19,605;;10,98558;21,39;;10,958177;21,565
10,876062;19,61;;10,983405;21,4;;10,974706;21,61
10,874744;19,615;;10,914838;21,405;;11,013738;21,66
10,899178;19,635;;10,807913;21,405;;11,035766;21,71
10,906102;19,655;;10,80056;21,405;;11,056002;21,76
10,913301;19,67;;10,849749;21,405;;11,08114;21,8
10,92116;19,685;;10,841078;21,405;;11,100335;21,835
10,931178;19,71;;10,886391;21,405;;11,117048;21,87
10,947753;19,73;;10,932516;21,405;;11,126928;21,905
10,961464;19,75;;10,941707;21,405;;11,14911;21,94
10,97041;19,77;;10,951909;21,41;;11,168856;21,97
10,991979;19,81;;10,958818;21,42;;11,175872;22,005
11,027886;19,855;;10,95577;21,425;;11,187713;22,035
11,054801;19,9;;10,954376;21,43;;11,207061;22,065
11,081792;19,94;;10,955203;21,44;;11,213433;22,095
11,098275;19,98;;10,964425;21,45;;11,235278;22,125
11,128515;20,015;;10,9683;21,465;;11,236978;22,15
11,141765;20,055;;10,979958;21,475;;11,260829;22,18
11,167087;20,09;;10,975945;21,49;;11,266712;22,205
11,181364;20,125;;10,99808;21,51;;11,283088;22,23
11,204388;20,16;;11,010825;21,53;;11,287239;22,255
11,217915;20,195;;11,028978;21,56;;11,303354;22,28
11,239729;20,225;;11,046794;21,59;;11,311749;22,31
11,250911;20,255;;11,060596;21,62;;11,323315;22,33
11,276815;20,295;;11,067566;21,645;;11,329473;22,355
11,300912;20,34;;11,097085;21,675;;11,340211;22,375
11,327888;20,38;;11,113017;21,71;;11,343612;22,395
11,349702;20,425;;11,133789;21,745;;11,351639;22,41
11,367472;20,465;;11,177738;21,815;;11,356189;22,43
11,395704;20,505;;11,226391;21,885;;11,357261;22,445
11,409874;20,54;;11,263478;21,955;;11,367509;22,46
11,436605;20,58;;11,302004;22,025;;11,369945;22,475
11,454574;20,615;;11,339765;22,09;;11,377068;22,49
11,473018;20,645;;11,377143;22,15;;11,376149;22,505
11,483619;20,675;;11,403353;22,215;;11,386704;22,52
11,493285;20,7;;11,442722;22,27;;11,385463;22,535
11,511315;20,725;;11,469944;22,325;;11,402681;22,555
11,518147;20,75;;11,234678;22,405;;11,408119;22,575
11,525454;20,77;;11,271811;22,47;;11,417969;22,595
11,53509;20,79;;11,317553;22,54;;11,419716;22,61
11,53823;20,805;;11,355313;22,6;;11,432767;22,63
11,540359;20,82;;11,394713;22,665;;11,440396;22,65
11,520889;20,83;;11,429763;22,73;;11,451165;22,67
11,035698;20,83;;11,462989;22,79;;11,45743;22,69
10,983431;20,815;;11,491926;22,845;;11,4644;22,71
10,957741;20,805;;11,512484;22,9;;11,471202;22,725
10,941151;20,8;;11,550291;22,955;;11,47278;22,745
10,918081;20,785;;11,580346;23,015;;11,484682;22,76
10,979785;20,78;;11,607613;23,065;;11,487516;22,78
11,063257;20,78;;11,631939;23,115;;11,500461;22,795
11,393406;20,785;;11,661091;23,165;;11,498806;22,815
11,386697;20,785;;11,676471;23,215;;11,511306;22,83
11,372496;20,785;;11,704535;23,26;;11,514202;22,845
11,410563;20,79;;11,717924;23,3;;11,523316;22,86
11,415358;20,795;;11,740795;23,34;;11,525461;22,875
11,359675;20,8;;11,747887;23,375;;11,534821;22,89
11,282499;20,8;;11,767832;23,405;;11,536536;22,905
11,352337;20,8;;11,774128;23,435;;11,545651;22,92
11,375055;20,8;;11,790611;23,46;;11,503708;22,93
11,411666;20,805;;11,790213;23,485;;11,463359;22,93
11,447053;20,825;;11,80161;23,505;;11,507109;22,93
11,468131;20,845;;11,80138;23,52;;11,514002;22,935
11,484323;20,86;;11,807692;23,535;;11,522887;22,94
11,493821;20,885;;11,801334;23,545;;11,518813;22,94
11,510166;20,91;;11,807692;23,555;;11,523469;22,945
11,52164;20,93;;11,803954;23,565;;11,551702;22,97
11,537112;20,95;;11,805669;23,575;;11,566959;23
11,55027;20,975;;11,799358;23,58;;11,580042;23,025
11,566861;21;;11,80063;23,585;;11,599129;23,055
11,57907;21,02;;11,793813;23,59;;11,604797;23,08
11,586744;21,045;;11,795253;23,595;;11,631329;23,115
11,612235;21,075;;11,796509;23,605;;11,642971;23,145
11,633298;21,105;;11,799802;23,61;;11,662794;23,175
11,653458;21,14;;11,800063;23,62;;11,675585;23,205
11,669358;21,17;;11,802422;23,63;;11,692328;23,23
11,691632;21,2;;11,802881;23,64;;11,709945;23,265
11,713032;21,235;;11,797382;23,645;;11,729078;23,295
11,738768;21,275;;11,807293;23,655;;11,74432;23,33
11,757809;21,315;;11,805869;23,66;;11,760772;23,36
11,781553;21,35;;11,807048;23,67;;11,774115;23,39
11,79678;21,385;;11,599785;23,675;;11,783444;23,415
11,82155;21,42;;11,492125;23,675;;11,79985;23,445
11,733253;21,46;;11,51325;23,675;;11,802945;23,47
11,671871;21,505;;11,585156;23,675;;11,821925;23,495
11,577921;21,555;;11,595328;23,675;;11,828925;23,52
11,608405;21,61;;11,702406;23,675;;11,844351;23,545
11,637955;21,665;;11,718169;23,675;;11,846465;23,57
11,675654;21,725;;11,729979;23,675;;11,861217;23,59
11,710397;21,79;;11,782477;23,68;;11,869826;23,615
11,739503;21,85;;11,778494;23,685;;11,874958;23,64
11,782702;21,92;;11,77926;23,695;;11,893142;23,665
11,823404;21,995;;11,786199;23,705;;11,907434;23,69
11,872822;22,07;;11,792863;23,715;;11,917973;23,715
11,910537;22,14;;11,800492;23,73;;11,930228;23,74
11,956355;22,21;;11,802881;23,745;;11,940048;23,765
11,991925;22,28;;11,826043;23,765;;11,943663;23,79
12,03779;22,355;;11,826151;23,785;;11,960069;23,81
12,074785;22,425;;11,834178;23,8;;11,93991;23,82
12,115854;22,49;;11,840657;23,815;;11,94639;23,825
12,151302;22,555;;11,866607;23,85;;11,950464;23,835
12,185447;22,62;;11,881313;23,88;;11,94593;23,845
12,212868;22,675;;11,890474;23,905;;11,950127;23,855
12,245129;22,73;;11,909408;23,935;;11,955183;23,865
12,269976;22,78;;11,910526;23,955;;11,965691;23,88
12,292633;22,83;;11,930686;23,975;;11,972462;23,895
12,313297;22,87;;11,93427;23,995;;11,973228;23,91
12,331879;22,905;;11,956682;24,02;;11,97934;23,92
12,338037;22,935;;11,961507;24,05;;11,983063;23,935
12,339431;22,96;;11,98136;24,075;;11,990523;23,955
12,354428;22,98;;12,00777;24,11;;12,001461;23,975
12,342143;22,985;;12,056928;24,19;;12,003666;23,995
12,326717;22,99;;12,095362;24,27;;12,01681;24,01
12,318154;22,99;;12,151552;24,35;;12,034549;24,04
12,290136;22,99;;12,190032;24,425;;12,062031;24,085
12,250062;22,99;;12,238179;24,495;;12,082068;24,125
12,215594;22,99;;12,277073;24,565;;12,109672;24,165
12,185937;22,99;;12,318403;24,63;;12,127028;24,205
12,212332;22,99;;12,349807;24,7;;12,151508;24,245
12,228416;22,99;;12,387552;24,76;;12,16891;24,285
12,235999;22,99;;12,412522;24,815;;12,195381;24,325
12,231878;22,99;;12,444094;24,87;;12,214361;24,365
12,239553;22,99;;12,46986;24,92;;12,227826;24,405
12,253677;22,99;;12,489973;24,97;;12,255461;24,445
12,256894;22,99;;12,513089;25,01;;12,270657;24,49
12,246538;22,99;;12,52346;25,05;;12,300115;24,53
12,233303;22,99;;12,542042;25,085;;12,312538;24,57
12,23822;22,995;;12,555017;25,115;;12,339821;24,61
12,234038;22,995;;12,566261;25,145;;12,357392;24,65
12,238894;22,995;;12,570964;25,175;;12,374196;24,685
12,232414;22,995;;12,581457;25,195;;12,391583;24,72
12,229565;23;;12,576632;25,215;;12,409491;24,755
12,225751;23;;12,587079;25,23;;12,422803;24,79
12,228386;23,005;;12,577015;25,24;;12,434491;24,82
12,222396;23,005;;12,581488;25,245;;12,449519;24,85
12,237485;23,015;;12,572342;25,25;;12,454712;24,88
12,24231;23,025;;12,56813;25,255;;12,465619;24,905
12,252819;23,035;;12,55301;25,255;;12,476832;24,935
12,25046;23,05;;12,541981;25,26;;12,490818;24,955
12,266284;23,06;;12,519615;25,26;;12,50292;24,98
12,273959;23,075;;12,502305;25,26;;12,507914;25
12,282369;23,095;;12,488579;25,26;;12,515573;25,02
12,284927;23,105;;12,487231;25,26;;12,521134;25,04
12,298209;23,125;;12,479128;25,26;;12,527231;25,055
12,303248;23,14;;12,453362;25,26;;12,528747;25,07
12,317403;23,16;;12,435883;25,26;;12,53368;25,085
12,325001;23,18;;12,439973;25,26;;12,537893;25,1
12,337256;23,2;;12,432069;25,26;;12,539118;25,115
12,358166;23,23;;12,434152;25,26;;12,549259;25,13
12,377115;23,26;;12,426845;25,26;;12,548891;25,145
12,393016;23,29;;12,430138;25,26;;12,557225;25,16
12,408473;23,315;;12,426967;25,26;;12,559538;25,175
12,438375;23,36;;12,433126;25,26;;12,565543;25,19
12,457033;23,4;;12,479664;25,26;;12,56467;25,205
12,486262;23,435;;12,477703;25,26;;12,576297;25,22
12,503189;23,47;;12,475099;25,265;;12,581965;25,235
12,529093;23,505;;12,470411;25,265;;12,582455;25,25
12,55155;23,54;;12,474134;25,27;;12,594664;25,27
12,569979;23,575;;12,486128;25,275;;12,600562;25,285
12,586033;23,605;;12,488932;25,28;;12,603579;25,3
12,605487;23,64;;12,48259;25,285;;12,60626;25,315
12,61379;23,67;;12,492164;25,29;;12,613429;25,33
12,637258;23,695;;12,505032;25,3;;12,580004;25,335
12,642804;23,725;;12,504894;25,31;;12,57792;25,335
12,664296;23,75;;12,502933;25,325;;12,569281;25,335
12,673104;23,78;;12,512201;25,335;;12,573156;25,335
12,686432;23,805;;12,526585;25,36;;12,571272;25,335
12,695025;23,825;;12,542578;25,385;;12,582348;25,34
12,705764;23,85;;12,550605;25,41;;12,591217;25,35
12,715828;23,87;;12,574334;25,435;;12,604345;25,365
12,724223;23,895;;12,5929;25,48;;12,603396;25,375
12,734042;23,915;;12,624319;25,525;;12,612418;25,39
12,735911;23,935;;12,643605;25,565;;12,611729;25,4
12,751797;23,955;;12,670934;25,61;;12,620093;25,42
12,75411;23,975;;12,692166;25,655;;12,6291;25,44
12,768739;23,99;;12,715328;25,695;;12,641784;25,455
12,773212;24,01;;12,740787;25,74;;12,64903;25,475
12,783124;24,03;;12,765221;25,78;;12,675991;25,505
12,787964;24,045;;12,781765;25,82;;12,697682;25,545
12,798151;24,065;;12,805524;25,86;;12,72688;25,59
12,803727;24,08;;12,821119;25,895;;12,751022;25,63
12,810529;24,095;;12,842351;25,935;;12,768915;25,67
12,810743;24,11;;12,858956;25,97;;12,797331;25,71
12,823228;24,13;;12,875163;26,005;;12,832916;25,77
12,828421;24,145;;12,887173;26,035;;12,903949;25,885
12,837689;24,16;;12,906781;26,065;;12,969682;25,995
12,844981;24,185;;12,921916;26,1;;13,039505;26,1
12,860177;24,205;;12,936056;26,13;;13,096797;26,195
12,870502;24,23;;12,947116;26,16;;13,155499;26,29
12,878544;24,25;;12,96029;26,19;;13,208103;26,38
12,892959;24,27;;12,975563;26,215;;13,245879;26,46
12,899914;24,295;;12,986102;26,24;;13,293153;26,53
12,913609;24,315;;12,983636;26,255;;13,324618;26,595
12,919522;24,335;;12,988584;26,27;;13,355286;26,655
12,932757;24,355;;12,990483;26,28;;13,374465;26,715
12,936663;24,37;;12,995492;26,295;;13,160217;26,745
12,947279;24,39;;12,998188;26,31;;13,171691;26,76
12,953713;24,405;;13,002952;26,32;;13,177711;26,78
12,960591;24,425;;13,003458;26,335;;13,172012;26,795
12,964314;24,44;;13,008651;26,345;;13,175628;26,81
12,974715;24,455;;13,012098;26,36;;13,170557;26,82
12,979495;24,47;;13,013875;26,37;;13,172916;26,83
12,976462;24,485;;13,018516;26,38;;13,16446;26,84
12,989483;24,5;;13,021304;26,395;;13,160202;26,845
12,997617;24,515;;13,022346;26,405;;13,152343;26,85
13,000022;24,53;;13,025823;26,415;;13,150306;26,855
13,007222;24,54;;13,027953;26,425;;13,143167;26,86
13,010684;24,555;;13,025394;26,435;;13,128415;26,865
13,010898;24,57;;13,039166;26,45;;13,148375;26,875
13,020702;24,58;;13,038722;26,47;;13,15844;26,89
13,022877;24,595;;13,049613;26,485;;13,158578;26,9
13,035638;24,615;;13,05954;26,5;;13,164675;26,915
13,039468;24,63;;13,066893;26,52;;13,16567;26,93
13,051569;24,65;;13,066341;26,535;;13,165578;26,945
13,053209;24,665;;13,084525;26,555;;13,17454;26,96
13,067869;24,685;;13,087328;26,575;;13,180193;26,97
13,087967;24,715;;13,100885;26,595;;13,182981;26,985
13,109245;24,76;;13,105175;26,615;;13,18658;27
13,141812;24,8;;13,116449;26,635;;13,19087;27,01
13,166996;24,845;;13,119988;26,655;;13,186519;27,025
13,190388;24,885;;13,138707;26,675;;13,19735;27,035
13,208051;24,925;;13,151115;26,705;;13,19594;27,05
13,235073;24,965;;13,166833;26,73;;13,202941;27,06
13,254359;25,015;;13,178689;26,76;;13,199984;27,07
13,00497;25,065;;13,194529;26,785;;13,210263;27,085
13,037155;25,12;;13,208423;26,815;;13,21492;27,095
13,069492;25,18;;13,225702;26,845;;13,220129;27,115
13,107131;25,24;;13,238632;26,875;;13,232567;27,135
13,139943;25,295;;13,255298;26,905;;13,242892;27,15
13,172189;25,35;;13,267706;26,93;;13,251363;27,17
13,201172;25,4;;13,282566;26,96;;13,251134;27,19
13,220397;25,455;;13,290547;26,985;;13,267019;27,21
13,253869;25,505;;13,301806;27,01;;13,272963;27,235
13,274565;25,555;;13,316252;27,035;;13,289783;27,255
13,310135;25,61;;13,327542;27,06;;13,291299;27,28
13,329222;25,66;;13,338939;27,085;;13,308809;27,3
13,360595;25,71;;13,352863;27,11;;13,314492;27,32
13,38224;25,755;;13,362453;27,135;;13,328279;27,34
13,408542;25,8;;13,364046;27,155;;13,331787;27,365
13,419848;25,84;;13,38131;27,18;;13,35259;27,39
13,43296;25,865;;13,387714;27,205;;13,359483;27,415
13,438475;25,89;;13,402757;27,225;;13,374312;27,44
13,443255;25,915;;13,40461;27,25;;13,380991;27,465
13,458144;25,94;;13,42238;27,27;;13,395972;27,49
13,470706;25,965;;13,429595;27,295;;13,407308;27,515
13,475501;25,99;;13,445618;27,32;;13,41722;27,535
13,489042;26,01;;13,453002;27,345;;13,4324;27,565
13,497284;26,035;;13,466666;27,365;;13,425752;27,58
13,503963;26,055;;13,473636;27,39;;13,424266;27,59
13,512572;26,08;;13,486412;27,41;;13,420559;27,6
13,513981;26,1;;13,491299;27,43;;13,429521;27,61
13,530541;26,12;;13,50527;27,455;;13,432462;27,625
13,532992;26,14;;13,510463;27,475;;13,461414;27,655
13,547009;26,165;;13,522641;27,495;;13,476718;27,695
13,546963;26,18;;13,528876;27,515;;13,495544;27,735
13,560244;26,2;;13,537516;27,535;;13,517266;27,77
13,56196;26,22;;13,542372;27,55;;13,538973;27,805
13,573142;26,24;;13,553003;27,57;;13,55567;27,84
13,578305;26,255;;13,55648;27,585;;13,573946;27,875
13,586439;26,275;;13,565243;27,605;;13,584684;27,905
13,588645;26,29;;13,569333;27,62;;13,601535;27,935
13,598051;26,31;;13,577727;27,64;;13,619396;27,97
13,59969;26,325;;13,582875;27,655;;13,631728;28
13,606798;26,34;;13,590748;27,67;;13,645944;28,03
13,612512;26,355;;13,601043;27,69;;13,661676;28,06
13,619635;26,37;;13,602222;27,715;;13,672813;28,085
13,622162;26,385;;13,617571;27,735;;13,686385;28,115
13,628458;26,4;;13,627222;27,755;;13,697874;28,14
13,63336;26,415;;13,633932;27,77;;13,703374;28,165
13,637037;26,43;;13,635602;27,79;;13,72119;28,19
13,642598;26,44;;13,65573;27,815;;13,723181;28,215
13,646473;26,455;;13,659974;27,84;;13,739496;28,24
13,649767;26,47;;13,67494;27,86;;13,7455;28,26
13,64776;26,48;;13,677897;27,885;;13,759042;28,285
13,656277;26,495;;13,693062;27,905;;13,765124;28,305
13,658636;26,51;;13,700109;27,925;;13,776153;28,33
13,673097;26,53;;13,716301;27,95;;13,78222;28,35
13,677831;26,545;;13,723899;27,975;;13,794505;28,37
13,687604;26,56;;13,730057;27,995;;13,800602;28,39
13,691786;26,58;;13,749129;28,02;;13,80653;28,415
13,70637;26,6;;13,76071;28,045;;13,815553;28,435
13,711011;26,62;;13,770468;28,07;;13,820501;28,45
13,722561;26,64;;13,804751;28,13;;13,826659;28,47
13,733162;26,66;;13,854078;28,21;;13,832679;28,49
13,73765;26,68;;13,898839;28,285;;13,846451;28,51
13,751284;26,7;;13,936906;28,355;;13,851598;28,525
13,755558;26,725;;13,967988;28,425;;13,857986;28,54
13,77293;26,745;;14,009701;28,49;;13,862383;28,56
13,78304;26,765;;14,047339;28,555;;13,870073;28,575
13,787253;26,785;;14,07816;28,615;;13,870532;28,59
13,797547;26,81;;14,106929;28,67;;13,872003;28,61
13,816128;26,835;;14,132052;28,72;;13,884656;28,625
13,830099;26,86;;14,15189;28,77;;13,890309;28,64
13,843243;26,885;;14,178973;28,815;;13,900373;28,66
13,854854;26,91;;14,188685;28,855;;13,905107;28,68
13,863954;26,935;;14,211219;28,89;;13,917346;28,7
13,883945;26,965;;14,218909;28,925;;13,918556;28,72
13,896506;26,995;;14,234887;28,95;;13,931118;28,735
13,917293;27,03;;14,24201;28,98;;13,930796;28,755
13,932704;27,06;;14,248811;29;;13,943664;28,775
13,955759;27,1;;14,250067;29,02;;13,957206;28,795
13,980973;27,145;;14,254525;29,035;;13,969644;28,815
14,010232;27,195;;14,249899;29,05;;13,976477;28,84
14,038495;27,24;;14,254586;29,055;;13,987552;28,86
14,061014;27,29;;14,246253;29,065;;13,990279;28,88
14,086428;27,335;;14,243113;29,07;;14,004816;28,9
14,109896;27,375;;14,234887;29,07;;14,010346;28,92
14,130638;27,42;;14,216703;29,075;;14,020579;28,945
14,152329;27,46;;14,197739;29,075;;14,038962;28,97
14,172152;27,5;;13,259955;29,125;;14,050313;28,995
14,183962;27,54;;13,301592;29,185;;14,058631;29,02
14,209636;27,575;;13,339812;29,255;;14,069783;29,045
14,217449;27,615;;13,376745;29,33;;14,073061;29,065
14,238773;27,645;;13,426087;29,42;;14,082467;29,09
14,249435;27,68;;13,483257;29,52;;14,10206;29,115
14,268476;27,71;;13,540978;29,625;;14,109612;29,145
14,274067;27,735;;13,612271;29,74;;14,130108;29,17
14,287762;27,76;;13,679475;29,85;;14,136312;29,195
14,278877;27,78;;13,741745;29,965;;14,148859;29,22
14,226594;27,78;;13,805885;30,085;;14,157575;29,245
14,18289;27,78;;13,885757;30,2;;14,170473;29,27
14,16846;27,78;;13,948656;30,32;;14,180522;29,295
14,167295;27,78;;14,031362;30,45;;14,18884;29,325
14,166897;27,78;;14,107404;30,59;;14,205262;29,35
14,164247;27,78;;14,189129;30,72;;14,222174;29,38
14,147059;27,78;;14,256854;30,85;;14,232147;29,405
14,153478;27,78;;14,343175;30,975;;14,237478;29,43
14,145972;27,78;;14,406043;31,1;;14,253547;29,455
14,189508;27,78;;14,478409;31,23;;14,257897;29,48
14,215289;27,785;;14,53083;31,34;;14,270765;29,5
14,219257;27,785;;14,586345;31,45;;14,273461;29,525
14,211107;27,79;;14,629712;31,545;;14,291583;29,545
14,213864;27,795;;14,681061;31,64;;14,298247;29,57
14,210387;27,795;;14,716585;31,725;;14,309736;29,59
14,220452;27,805;;14,750133;31,795;;14,312279;29,61
14,220452;27,815;;14,773279;31,86;;14,324488;29,63
14,228785;27,83;;14,802094;31,925;;14,332209;29,655
14,232998;27,84;;14,820645;31,98;;14,333526;29,675
14,24271;27,865;;14,841785;32,025;;14,319019;29,69
14,25305;27,89;;14,851053;32,065;;14,278118;29,69
14,263987;27,91;;14,859662;32,1;;14,271669;29,69
14,276411;27,93;;14,863155;32,13;;14,267089;29,69
14,288773;27,955;;14,867781;32,15;;14,305477;29,695
14,304521;27,98;;14,862205;32,165;;14,30514;29,7
14,31192;28,005;;14,862726;32,18;;14,302031;29,7
14,332738;28,03;;14,848295;32,19;;14,309123;29,71
14,350891;28,065;;14,826818;32,19;;14,317411;29,715
14,382738;28,115;;14,788874;32,19;;14,317349;29,725
14,406651;28,16;;14,73319;32,19;;14,322512;29,735
14,437442;28,2;;14,687387;32,19;;14,332193;29,75
14,456866;28,245;;14,638091;32,19;;14,363842;29,795
14,482463;28,285;;14,607117;32,19;;14,38345;29,84
14,500095;28,325;;14,585165;32,19;;14,41735;29,89
14,530273;28,365;;14,574304;32,19;;14,444955;29,94
14,541732;28,4;;14,563152;32,19;;14,476052;29,985
14,567345;28,435;;14,560916;32,19;;14,498126;30,03
14,58104;28,47;;14,554972;32,19;;14,529821;30,075
14,600571;28,505;;14,547619;32,19;;14,556751;30,125
14,612765;28,54;;14,546133;32,19;;14,583988;30,17
14,626261;28,57;;14,546761;32,19;;14,606261;30,215
14,644275;28,6;;14,583112;32,19;;14,623219;30,26
14,649882;28,63;;14,59716;32,19;;14,649659;30,3
14,672799;28,66;;14,596072;32,19;;14,216445;30,375
14,684472;28,69;;14,595184;32,19;;14,320046;30,44
14,695639;28,715;;14,594326;32,19;;14,370567;30,505
14,707082;28,745;;14,599626;32,19;;14,412019;30,575
14,716151;28,77;;14,637065;32,19;;14,444281;30,64
14,728559;28,795;;14,657531;32,195;;14,486514;30,71
14,739773;28,82;;14,650913;32,195;;14,52331;30,78
14,749439;28,84;;14,642978;32,2;;14,566157;30,85
14,756148;28,86;;14,654437;32,205;;14,598969;30,92
14,754693;28,88;;14,646992;32,21;;14,638431;30,99
14,769338;28,9;;14,658006;32,215;;14,67423;31,06
14,773413;28,92;;14,65413;32,225;;14,707824;31,125
14,780658;28,935;;14,675929;32,235;;14,739182;31,195
14,777564;28,95;;14,68345;32,245;;14,753245;31,26
14,790493;28,97;;14,689777;32,26;;14,780098;31,325
14,79227;28,985;;14,688383;32,275;;14,807167;31,385
14,800312;29;;14,704161;32,29;;14,843533;31,445
14,800649;29,015;;14,70292;32,31;;14,864214;31,505
14,810009;29,03;;14,715129;32,33;;14,900075;31,56
14,8103;29,04;;14,719894;32,35;;14,920801;31,615
14,817178;29,055;;14,733834;32,375;;14,952404;31,67
14,817776;29,07;;14,74615;32,4;;14,96999;31,725
14,823658;29,08;;14,758834;32,425;;14,998237;31,77
14,825251;29,095;;14,765421;32,455;;15,014552;31,82
14,829939;29,105;;14,781184;32,48;;15,034849;31,865
14,83242;29,12;;14,7738;32,49;;15,049739;31,905
14,836281;29,13;;14,800225;32,52;;15,065655;31,945
14,836434;29,14;;14,810075;32,55;;15,074065;31,98
14,83288;29,15;;14,825777;32,575;;15,08004;32,01
14,840095;29,16;;14,839748;32,605;;15,096645;32,04
14,842561;29,17;;14,851374;32,635;;15,121553;32,085
14,843588;29,18;;14,867689;32,67;;15,143781;32,14
14,841918;29,19;;14,880986;32,7;;15,164185;32,19
14,848582;29,2;;14,895324;32,73;;15,194425;32,24
14,856042;29,215;;14,905312;32,76;;15,206787;32,285
14,861235;29,23;;14,927539;32,795;;15,229428;32,325
14,859335;29,245;;14,928811;32,83;;15,242954;32,36
14,870518;29,255;;14,954332;32,86;;15,246891;32,395
14,870901;29,275;;14,965361;32,89;;15,256144;32,425
14,885285;29,29;;14,979807;32,925;;15,267893;32,45
14,887706;29,31;;14,986624;32,955;;15,268276;32,47
14,897234;29,33;;15,008836;32,99;;15,268813;32,49
14,912522;29,35;;15,014259;33,025;;15,272612;32,505
14,928362;29,375;;15,036149;33,055;;15,269931;32,515
14,942348;29,405;;15,042415;33,085;;15,267373;32,525
14,958004;29,43;;15,059418;33,115;;15,259989;32,53
14,968206;29,455;;15,069422;33,145;;15,254643;32,54
14,997679;29,51;;15,083928;33,175;;14,520828;32,57
15,035118;29,565;;15,093472;33,205;;14,710076;32,605
15,055875;29,615;;15,106018;33,23;;14,757856;32,645
15,089622;29,66;;15,112345;33,26;;14,800288;32,685
15,117763;29,705;;15,125626;33,285;;14,817752;32,735
15,143621;29,75;;15,13687;33,315;;14,848527;32,785
15,162019;29,795;;15,152541;33,34;;14,874018;32,84
15,191814;29,84;;15,160798;33,37;;14,871444;32,9
15,212708;29,88;;15,168886;33,4;;14,908332;32,96
15,231826;29,92;;15,187575;33,43;;14,946337;33,02
15,250638;29,96;;15,188724;33,455;;14,982382;33,085
15,271195;29,995;;15,206141;33,48;;15,024632;33,15
15,28463;30,035;;15,206846;33,505;;15,057092;33,215
15,308037;30,065;;15,222104;33,53;;15,094194;33,28
15,319373;30,1;;15,225949;33,555;;15,127895;33,345
15,334018;30,13;;15,241742;33,58;;15,165641;33,41
15,34733;30,16;;15,244009;33,605;;15,158288;33,48
15,354315;30,19;;15,257551;33,625;;15,189998;33,545
15,320736;30,2;;15,258823;33,65;;15,230531;33,61
15,301603;30,2;;15,273682;33,67;;15,256006;33,675
15,304345;30,2;;15,276929;33,69;;15,291653;33,735
15,302921;30,2;;15,288265;33,71;;15,317541;33,795
15,300194;30,2;;15,289751;33,73;;15,350998;33,85
15,295506;30,2;;15,300873;33,75;;15,377759;33,91
15,298386;30,2;;15,301853;33,77;;15,403388;33,965
15,29111;30,2;;15,312239;33,785;;15,430257;34,015
15,285794;30,205;;15,314322;33,805;;15,451351;34,065
15,283941;30,205;;15,323713;33,825;;15,467359;34,115
15,272038;30,205;;15,330315;33,845;;15,490597;34,165
15,276618;30,205;;15,337408;33,865;;15,516241;34,215
15,274749;30,205;;15,341728;33,88;;15,537197;34,26
15,27164;30,21;;15,340747;33,9;;15,553297;34,31
15,284293;30,215;;15,352604;33,915;;15,566609;34,35
15,282593;30,22;;15,360585;33,94;;15,586784;34,39
15,284569;30,225;;15,366682;33,96;;15,595868;34,43
15,282853;30,23;;15,380944;33,985;;15,617804;34,465
15,29903;30,255;;15,384253;34,005;;15,622507;34,5
15,314103;30,275;;15,396584;34,025;;15,636646;34,53
15,316815;30,295;;15,396768;34,05;;15,639006;34,555
15,338858;30,32;;15,407782;34,075;;15,652256;34,585
15,346135;30,345;;15,421477;34,1;;15,648672;34,605
15,363996;30,37;;15,434774;34,125;;15,647293;34,625
15,366892;30,395;;15,441422;34,15;;15,6565;34,645
15,407762;30,44;;15,456772;34,175;;15,655902;34,66
15,435857;30,495;;15,467464;34,205;;15,660819;34,675
15,474935;30,55;;15,478065;34,23;;15,654922;34,69
15,500517;30,6;;15,485387;34,26;;15,659686;34,705
15,528811;30,645;;15,498822;34,285;;15,649974;34,715
15,543823;30,675;;15,510341;34,315;;15,65627;34,725
15,562236;30,705;;15,498132;34,345;;15,641457;34,735
15,574338;30,73;;15,514202;34,37;;15,648855;34,745
15,590821;30,76;;15,527131;34,395;;15,648074;34,755
15,599951;30,785;;15,534223;34,42;;15,648993;34,76
15,615592;30,81;;15,552774;34,45;;15,63827;34,77
15,623067;30,835;;15,565167;34,48;;15,64089;34,78
15,634556;30,86;;15,580593;34,51;;15,645424;34,79
15,648282;30,885;;15,592741;34,54;;15,64066;34,795
15,652602;30,905;;15,595912;34,565;;15,636983;34,805
15,666266;30,93;;15,617496;34,6;;15,634655;34,815
15,669406;30,95;;15,62416;34,63;;15,643999;34,825
15,684557;30,97;;15,644196;34,665;;15,634318;34,835
15,688448;30,99;;15,649206;34,69;;15,638408;34,84
15,700075;31,01;;15,665995;34,725;;15,624759;34,85
15,704211;31,03;;15,681819;34,755;;15,643999;34,86
15,708347;31,05;;15,697628;34,79;;15,639572;34,875
15,721858;31,07;;15,706375;34,82;;15,635666;34,89
15,729027;31,085;;15,712748;34,85;;15,650081;34,905
15,734419;31,105;;15,72773;34,88;;15,645639;34,92
15,734205;31,12;;15,744182;34,905;;15,663715;34,94
15,746889;31,135;;15,757984;34,935;;15,661463;34,965
15,752235;31,15;;15,769519;34,97;;15,6779;34,985
15,755115;31,17;;15,77174;35;;15,683706;35,005
15,762284;31,185;;15,793049;35,03;;15,706959;35,035
15,768274;31,2;;15,804492;35,06;;15,719674;35,065
15,771751;31,21;;15,815812;35,085;;15,733629;35,095
15,777327;31,225;;15,823778;35,115;;15,739267;35,125
15,778323;31,24;;15,8383;35,145;;15,754157;35,155
15,790501;31,26;;15,846833;35,17;;15,765079;35,185
15,78828;31,275;;15,858644;35,195;;15,787337;35,22
15,798896;31,29;;15,864005;35,22;;15,793924;35,25
15,802067;31,305;;15,876582;35,245;;15,824761;35,285
15,816528;31,32;;15,883445;35,27;;15,827533;35,32
15,839062;31,345;;15,895072;35,29;;15,844461;35,355
15,857;31,385;;15,902072;35,315;;15,859795;35,385
15,878477;31,425;;15,90293;35,335;;15,869828;35,42
15,897809;31,465;;15,916058;35,355;;15,89299;35,455
15,918443;31,5;;15,920225;35,375;;15,901554;35,495
15,94133;31,54;;15,935191;35,4;;15,92637;35,53
15,960064;31,575;;15,942744;35,425;;15,93815;35,565
15,976486;31,605;;15,951674;35,45;;15,953071;35,6
15,996171;31,64;;15,960866;35,475;;15,959642;35,63
16,005791;31,67;;15,970394;35,495;;15,98426;35,665
16,027543;31,7;;15,97718;35,52;;15,991735;35,7
16,044287;31,735;;15,987413;35,54;;16,010822;35,735
16,060755;31,76;;15,989742;35,57;;16,020105;35,77
16,073975;31,79;;16,009013;35,595;;16,04097;35,805
16,086582;31,82;;15,98199;35,62;;16,054496;35,835
16,099679;31,845;;16,004815;35,64;;16,060945;35,87
16,108105;31,875;;16,007772;35,665;;16,072419;35,9
16,121984;31,9;;16,024117;35,695;;16,087033;35,93
16,136184;31,925;;16,02306;35,725;;16,097649;35,96
16,145023;31,95;;16,039466;35,755;;16,109889;35,985
16,15256;31,975;;16,050664;35,785;;16,115664;36,015
16,162961;32;;16,06439;35,81;;16,121699;36,045
16,177529;32,02;;16,07329;35,84;;16,139607;36,075
16,178004;32,045;;16,087751;35,87;;16,14192;36,1
16,187578;32,065;;16,096789;35,9;;16,158832;36,13
16,200998;32,085;;16,113609;35,93;;16,165771;36,155
16,21359;32,11;;16,122647;35,955;;16,181825;36,18
16,22419;32,14;;16,145212;35,99;;16,186084;36,205
16,23473;32,165;;16,161404;36,03;;16,196669;36,23
16,250615;32,19;;16,180766;36,07;;16,197037;36,255
16,26048;32,215;;16,191873;36,11;;16,212739;36,28
16,266884;32,235;;16,206655;36,15;;16,21519;36,305
16,279062;32,26;;16,229909;36,185;;16,227108;36,33
16,287411;32,28;;16,25036;36,22;;16,231795;36,35
16,2934;32,3;;16,263932;36,255;;16,231489;36,375
16,302347;32,315;;16,275605;36,29;;16,242028;36,395
16,308995;32,335;;16,289667;36,32;;16,24958;36,42
16,316149;32,355;;16,301095;36,355;;16,245873;36,44
16,321204;32,37;;16,31551;36,385;;16,257439;36,46
16,328833;32,39;;16,318375;36,415;;16,269924;36,48
16,332616;32,405;;16,336926;36,445;;16,272038;36,505
16,337243;32,425;;16,344493;36,47;;16,279146;36,525
16,346955;32,44;;16,359031;36,5;;16,28731;36,545
16,352362;32,455;;16,365985;36,52;;16,299075;36,565
16,345714;32,465;;16,377;36,545;;16,302369;36,59
16,350601;32,475;;16,380952;36,57;;16,315849;36,615
16,357218;32,485;;16,39434;36,595;;16,31565;36,64
16,355717;32,5;;16,398768;36,62;;16,333129;36,66
16,360634;32,51;;16,409583;36,64;;16,339394;36,685
16,361109;32,52;;16,411053;36,665;;16,353396;36,715
16,370086;32,535;;16,422619;36,685;;16,359891;36,74
16,366655;32,545;;16,425974;36,705;;16,375363;36,765
16,377286;32,56;;16,43636;36,725;;16,380985;36,79
16,378404;32,57;;16,441645;36,745;;16,39589;36,815
16,385558;32,585;;16,448676;36,765;;16,402753;36,84
16,38614;32,595;;16,448186;36,785;;16,41824;36,87
16,390276;32,61;;16,44765;36,8;;16,427309;36,9
16,393677;32,62;;16,447466;36,81;;16,441187;36,925
16,397047;32,63;;16,458312;36,825;;16,452477;36,955
16,40826;32,645;;16,462034;36,84;;16,462404;36,98
16,409317;32,665;;16,467564;36,865;;16,47037;37,005
16,419933;32,68;;;;;16,480725;37,03
16,420117;32,695;;;;;16,496059;37,06
16,433674;32,71;;;;;16,502079;37,09
16,464327;32,75;;;;;16,520293;37,115
16,490767;32,8;;;;;16,528351;37,145
16,517407;32,845;;;;;16,541694;37,17
16,54498;32,89;;;;;16,552049;37,195
16,567943;32,935;;;;;16,568088;37,23
16,595593;32,98;;;;;16,579776;37,26
16,620732;33,02;;;;;16,588783;37,285
16,644476;33,06;;;;;16,603444;37,315
16,663624;33,1;;;;;16,617705;37,345
16,685852;33,14;;;;;16,626529;37,37
16,705322;33,175;;;;;16,637819;37,4
16,71511;33,21;;;;;16,64436;37,425
16,739973;33,245;;;;;16,655619;37,45
16,752075;33,28;;;;;16,660843;37,475
16,771315;33,31;;;;;16,666511;37,5
16,78599;33,34;;;;;16,677356;37,525
16,797893;33,37;;;;;16,679011;37,545
16,805093;33,395;;;;;16,693457;37,57
16,820519;33,42;;;;;16,693931;37,59
16,825742;33,44;;;;;16,709863;37,61
16,833953;33,46;;;;;16,713248;37,635
16,83694;33,48;;;;;16,72391;37,655
16,845473;33,495;;;;;16,735032;37,68
16,84869;33,51;;;;;16,745356;37,705
16,847725;33,525;;;;;16,752572;37,73
16,8535;33,54;;;;;16,762559;37,755
16,852535;33,55;;;;;16,76691;37,78
16,858019;33,565;;;;;16,772593;37,8
16,858647;33,575;;;;;16,789934;37,825
16,865341;33,585;;;;;16,803032;37,855
16,861833;33,595;;;;;16,813035;37,88
16,862737;33,61;;;;;16,815394;37,91
16,86744;33,62;;;;;16,831815;37,935
16,876417;33,635;;;;;16,833133;37,96
16,873629;33,645;;;;;16,853568;37,985
16,875345;33,655;;;;;16,860324;38,015
16,88115;33,665;;;;;16,88177;38,045
16,877887;33,675;;;;;16,88851;38,075
16,886114;33,685;;;;;16,902603;38,1
16,889576;33,7;;;;;16,915241;38,125
16,891046;33,71;;;;;16,925582;38,15
16,888672;33,72;;;;;16,938894;38,18
16,890816;33,73;;;;;16,954105;38,21
16,889683;33,74;;;;;16,965426;38,24
16,898353;33,745;;;;;16,980086;38,275
16,895259;33,755;;;;;16,990395;38,305
16,913258;33,77;;;;;17,004963;38,335
16,913764;33,785;;;;;17,016483;38,365
16,91453;33,8;;;;;17,02235;38,39
16,920642;33,815;;;;;17,039155;38,42
16,929328;33,825;;;;;17,04611;38,445
16,93832;33,845;;;;;17,060218;38,475
16,950943;33,865;;;;;17,064492;38,5
16,955921;33,885;;;;;17,076701;38,525
16,964147;33,9;;;;;17,083135;38,55
16,977214;33,92;;;;;17,092602;38,575
15,357348;34,07;;;;;17,101196;38,6
15,42066;34,215;;;;;16,786625;38,645
15,499169;34,37;;;;;16,867569;38,69
15,606783;34,545;;;;;16,933026;38,73
15,717798;34,74;;;;;16,984972;38,77
15,851332;34,97;;;;;17,007705;38,82
15,997519;35,21;;;;;17,031725;38,865
16,185863;35,505;;;;;17,050399;38,91
16,3633;35,795;;;;;17,077988;38,955
16,550265;36,09;;;;;17,092158;39,005
16,733141;36,385;;;;;17,122397;39,05
16,902214;36,675;;;;;17,145436;39,1
17,063627;36,96;;;;;17,172857;39,145
17,214088;37,245;;;;;17,193139;39,195
17,365652;37,52;;;;;17,217526;39,24
17,506814;37,785;;;;;17,23381;39,285
17,595357;38,045;;;;;17,260618;39,33
17,729748;38,29;;;;;17,282171;39,38
17,848024;38,525;;;;;17,303265;39,425
17,9646;38,74;;;;;17,318875;39,47
18,049925;38,94;;;;;17,331636;39,51
18,139157;39,125;;;;;17,356743;39,555
18,205702;39,3;;;;;17,36667;39,595
18,275923;39,465;;;;;17,389801;39,635
18,358016;39,625;;;;;17,400463;39,675
18,39907;39,76;;;;;17,421924;39,71
18,451981;39,88;;;;;17,428159;39,75
18,485529;39,98;;;;;17,446833;39,785
18,513026;40,065;;;;;17,453772;39,82
18,526691;40,13;;;;;17,473212;39,855
18,521191;40,175;;;;;17,480013;39,89
18,501798;40,205;;;;;17,498534;39,92
18,479662;40,22;;;;;17,507342;39,955
18,416779;40,22;;;;;17,520623;39,985
18,219887;40,22;;;;;17,52888;40,015
17,99827;40,22;;;;;17,536662;40,045
17,869593;40,22;;;;;17,545501;40,075
17,763342;40,22;;;;;17,54498;40,1
17,67696;40,22;;;;;17,554233;40,13
17,617278;40,22;;;;;17,552517;40,155
17,582581;40,22;;;;;17,567836;40,18
17,550381;40,22;;;;;17,571497;40,205
17,527617;40,22;;;;;17,582235;40,23
17,526514;40,22;;;;;17,582925;40,255
17,513616;40,22;;;;;17,593648;40,28
17,511364;40,22;;;;;17,597401;40,305
17,506263;40,22;;;;;17,601567;40,325
17,500579;40,22;;;;;17,610115;40,35
17,488079;40,22;;;;;17,621221;40,375
17,492369;40,22;;;;;17,623427;40,395
17,492537;40,22;;;;;17,630934;40,42
17,562421;40,22;;;;;17,634595;40,44
17,586472;40,22;;;;;17,640692;40,46
17,590439;40,22;;;;;17,631653;40,485
17,589612;40,22;;;;;17,632098;40,505
17,582412;40,22;;;;;17,647018;40,53
17,590531;40,22;;;;;17,653881;40,555
17,566603;40,22;;;;;17,657895;40,58
17,586732;40,22;;;;;17,661908;40,6
17,669331;40,22;;;;;17,665692;40,625
17,679502;40,22;;;;;;
17,67938;40,22;;;;;;
17,683378;40,22;;;;;;
17,685033;40,22;;;;;;
17,692033;40,22;;;;;;
17,687882;40,22;;;;;;
17,676852;40,22;;;;;;
17,671521;40,225;;;;;;
17,665608;40,225;;;;;;
17,677756;40,235;;;;;;
17,673375;40,24;;;;;;
17,669438;40,25;;;;;;
17,679181;40,26;;;;;;
17,681172;40,275;;;;;;
17,680621;40,29;;;;;;
17,682321;40,305;;;;;;
17,682888;40,33;;;;;;
17,689;40,35;;;;;;
17,704564;40,375;;;;;;
17,70343;40,4;;;;;;
17,717692;40,43;;;;;;
17,732291;40,46;;;;;;
17,745404;40,49;;;;;;
17,759252;40,525;;;;;;
17,773177;40,56;;;;;;
17,787883;40,595;;;;;;
17,794562;40,635;;;;;;
17,818045;40,675;;;;;;
17,839292;40,72;;;;;;
17,859789;40,76;;;;;;
17,878508;40,805;;;;;;
17,903217;40,845;;;;;;
17,922182;40,89;;;;;;
17,945513;40,93;;;;;;
17,964278;40,975;;;;;;
17,989968;41,02;;;;;;
18,008963;41,065;;;;;;
